Id truck; Loaded length; Weight of loaded items; Volumevof loaded items; emm; emr
P174770403;14605;10578.7;92.986;6755.7;12608
P177770403;14605;10748.8;91.6139;7137.09;12342.9
Q178752701_1;14805;10766.8;96.3225;6562.2;13017
P178770401;14605;11015.5;97.0708;6562.3;13265.5
P178770403;14605;11008.9;94.6168;6591.82;13225.2
P179752701;14605;11249.3;96.6004;6523.1;13544
P179770403;14605;11216.1;96.214;6693.76;13316.1
P180770405;13000;10834.7;86.22;7640.89;11853.9
P180770401;14605;11237.9;97.4884;6527.02;13528.2
P170770407;14000;8970.84;79.3151;7219.96;10470.4
P170770403;8000;5831.7;49.578;7722.45;6757.84
Q171752701_2;11815;7678.64;73.4557;7389.26;8984.98
Q171752701_1;14200;11216.6;94.9944;7013.9;12951.3
P171752701;14200;11186.1;95.2152;7218.28;12687.5
P171770405;14200;11723.2;94.14;7261.06;13175.9
P171770401;14010;10855.8;89.8444;7201.11;12376.9
P171712803;14605;10566.9;97.3897;6059.68;13390.5
Q172752701_1;14200;11075.5;94.722;6958.25;12873.7
P172752701;14200;11100.3;94.7568;7133.03;12699
P172770405;14200;11792;94.14;7237.55;13271.4
P172770401;14200;11185.3;95.4108;6955.26;12986.9
P172770403;14605;10568.4;95.006;6133.76;13307.5
Q173752701_1;14200;11383.5;95.0304;7158.27;12953.4
P173752701;14600;10962.2;95.442;6858.24;12874.5
P173770405;14200;11657.6;93.024;7191.52;13189.6
P173770401;14605;11109.3;94.5611;6896.16;12978.3
P173734901;14615;10638.2;94.5452;6499.67;12959.7
Q174752701_2;14605;10950.6;96.9712;6254.29;13552.1
P174712803;14605;10977.3;96.2152;6753.34;13009.4
Q174752701_1;14200;11082.2;94.584;7009.75;12821.6
P174752701;14600;11454.2;96.516;6969.77;13239.2
P174770405;14200;11758.8;93.024;7422.55;13027.2
P174770401;14605;11533.1;94.6583;7001.06;13282.4
P177770407;14900;11207.2;94.0026;6302.21;13754
P177752703;14605;10790.5;94.1168;6711.77;12869.9
P177770401;14200;11231.8;94.8648;7077.56;12893.9
P178752701;14200;11203.7;95.0544;7172.5;12757.4
P178770405;14200;11764.5;94.14;7257.92;13220.7
Q179752701_2;14200;11234.9;94.7664;7060.16;12916.8
Q179752701_1;14605;11014.4;97.75;7009.56;12754
P179770405;14200;11659.4;93.024;7264.88;13107.7
P179770401;14200;11191;94.8576;6993.46;12949
P180752701;14605;10571.7;90.8219;6625.93;12749.1
P178730405;14600;10208.4;96.066;6552.16;12469.9
P179730401;14600;9990.66;95.0292;6281.89;12560.7
P170730403;5800;3569.51;33.7788;6667.78;5699.17
P170730405;14000;8676.21;80.5644;6429.13;11078.2
P170730407;14800;10576.2;97.524;6868.96;12476.3
P171730401;14600;10209.7;95.5848;6587.92;12430.5
P171721901;14600;10176.9;96.2724;6318.39;12705.2
P171730403;14800;10193.2;94.5672;6365.03;12668.3
P172730401;14400;10234.4;93.6408;6704.74;12321.8
P172730403;14800;9847.1;94.3404;6170.25;12544.5
P172730405;14800;10764.3;97.08;6699.28;12858
P172730407;14800;10808;99.144;6802.29;12784.1
P173730401;14800;10358.7;93.7104;6730.04;12417.3
P173730403;14800;9794.53;96.552;6325.86;12314.4
P173730405;14600;10137.7;93.7524;6561.79;12388.3
P174730401;14600;9976.44;92.7372;6549.6;12241
P174730403;14600;10252.8;96.1356;6622.3;12434.3
P174730405;14600;10142.8;96.1308;6249.81;12749.4
P177730401;13400;8854.39;81.8148;6918;10698.5
P177730403;14600;10131.5;94.578;6708.47;12214.7
P177730405;14600;10261.4;94.2384;6586.83;12483.4
P177730407;14800;10590.8;97.524;6886.45;12470.9
P178730401;14800;10399.6;96.198;6575.16;12634.9
P178721901;14800;9948.86;94.6272;6369.87;12418.5
P179730403;14800;10625.6;95.928;6914.37;12473.9
P179730405;14800;9770.05;96.552;6127.67;12516
P179730407;14800;10949.1;99.2136;6164.65;13652.9
P180730401;14800;9999;92.6508;6606.7;12198.4
P186770405;14200;11634.6;93.024;7278.12;13067.7
P187770405;14200;11913.2;95.256;7256.06;13371.5
P200770405;14200;11353.4;90.738;7374.64;12676.5
P201770405;14200;11930.5;95.256;7258.33;13386.3
P202770405;14200;11945.9;95.256;7277.83;13379.4
P202752701;14200;11191.5;95.232;7010.17;12930.4
P205770407;14605;11031;95.8216;6791.77;13019.2
P207752701;14000;10756.5;90.2568;6922.67;12595.3
P208770405;14200;11783.7;94.14;7156.08;13356.2
P209770405;14000;11931.8;95.256;7283.6;13358.7
P184770407;7605;4247.73;38.1299;6644.52;6403.93
P184752703;14600;10044.8;86.3027;6842.23;11975.4
Q185752701_1;10605;6770.12;61.9975;7434.23;8025.15
P185752701;14200;10849.7;94.3668;6676.87;12969
P185770405;14200;11065.5;88.506;7528.09;12213.4
Q186752701_1;12000;9000.79;75.066;7710.35;9940.73
P186752701;14810;10505.5;98.7985;5810.66;13613.3
Q187752701_1;14200;11119.2;93.9636;6808.23;13088.6
P187752701;14805;10849.4;99.1881;6191.17;13523
Q188752701_1;14200;11017.2;94.4868;6974.69;12796.6
P188752701;14600;10975.9;95.55;6607.06;13174.9
P188770405;14200;12062.7;95.256;7284.9;13488.2
P191770407;14615;10905.1;93.866;6652.07;13052.7
P191752703;14805;11252.5;99.2361;6308.92;13791.7
Q192752701_1;14200;10990.6;94.6884;7037.68;12698.1
P192752701;14605;10299.6;92.1028;5720.69;13510.1
P192770405;14200;11787.8;94.14;7274.04;13225.7
Q193752701_1;14200;10978.3;92.9412;7078;12639.9
P193752701;14200;11471.1;95.5008;7270.72;12912.7
Q194752701_1;10605;7378.86;65.9728;7894.08;8109.13
P194752701;14200;10962.4;94.842;6982.74;12732.6
P194770405;13000;10909.2;87.336;7613.24;11960
Q195752701_2;14200;11210.3;93.8364;7054.28;12898.9
Q195752701_1;14200;10913.6;95.1204;7125.64;12520.8
P195752701;14605;10860.6;97.9885;6797.26;12842.6
P195770405;14200;11749.7;94.14;7297.07;13161.2
P198770407;14900;11360;94.7022;6506.47;13673.8
P198752703;14615;10511.5;94.1731;6001.19;13401.8
P199752701;14200;11086.5;94.9872;6940.81;12904.5
P199770405;13000;10944.8;87.336;7588.74;12023.5
Q200752701_1;12605;8784.89;77.8936;7645.43;9798.91
P200752701;14200;10999.5;94.8;7142.74;12587.1
Q201752701_1;14805;11081.2;98.9181;6059.2;13905.4
P201752701;14800;10819.7;97.5936;6378.55;13279.4
Q202752701_1;14615;10515;92.8759;7040.26;12219.6
P205752703;14805;11291.2;99.5025;6277.24;13866.5
Q206752701_1;14200;11216.5;94.6524;7094.34;12859.4
P206752701;14805;10818.8;96.7324;6134.29;13557.2
P206770405;14200;11899;95.256;7291.96;13316.4
Q207752701_1;14200;11053.5;94.188;6957.44;12852.7
Q208752701_1;14805;10573;93.3808;6123.85;13323.3
P208752701;14615;10794.9;95.9736;5848.6;13859.4
Q209752701_1;14200;11310.3;94.896;7117.47;12926.8
P209752701;14800;10838.8;99.7884;6942.57;12654.9
P170730301;13200;8891.65;81.054;7439.3;10140.9
P171730301;14800;10508.5;91.0854;6445.76;12891.5
P171722401;14800;11447.7;99.8142;6818.68;13405.2
Q172730301_1;14200;10350.6;89.1588;6591.22;12567.6
P172730301;14800;11390.4;100.513;6268.28;13975.9
Q173730301_1;14500;11109.4;92.3406;6592.29;13325.2
P173730301;14800;10895.2;99.807;6822.94;12847.8
Q174730301_1;14400;10322.2;92.6982;7093.96;11965.5
P174730301;14900;11566.1;96.2538;6531.01;13851.8
P177730301;14800;11138.5;96.951;6846.13;13064.7
P177730303;14800;10742.5;97.5648;6833.47;12683.1
P178730301;14900;11695.9;100.115;6796.8;13678.4
P178730303;14800;11206.4;99.6258;6753.51;13238.2
Q179730301_1;14800;10833.5;95.394;6822.29;12786.8
P179730301;14900;11721.4;99.6966;7005.1;13466.2
P180730301;10500;7032.24;63.5466;7459.93;8257.95
P170731005;11600;13515.8;52.285;10730.4;11009.4
P171721701;12400;17191.7;67.3519;11416.2;13902.7
P171731007;14805;23068.7;87.9519;7244.39;24540.4
P172721701;14810;23992.2;84.0895;11117;21044.6
P172731005;14605;21852.4;91.4168;8161.19;22277.9
Q173721701_1;14405;23970.8;81.084;9816.19;22507.7
P173721701;14605;22350.4;96.242;9796.76;20909.5
P174721701;13805;21047.1;77.4254;10498.6;18805.2
P174731005;14600;23850.4;90.666;9578.18;22658.9
P174731001;14805;23881.1;87.5624;8927.63;23431.9
Q177731005_1;14815;23863.4;86.962;8534.64;23862.7
P177731005;14805;23525.5;90.6982;9863.2;22008.8
P178721701;14605;23894.2;88.1107;10514.3;21634.4
P178731007;14805;23353.1;94.4188;9363.61;22406.4
P179721701;14805;23902.9;90.1608;9367.68;22951.6
P179731005;14820;21627.7;88.1885;9514.48;20508.8
P180721701;14605;23938.8;86.8832;10864.4;21279.6
P215770405;14200;11797.4;94.14;7221.06;13295.7
P216770405;14000;12026.1;95.256;7303.52;13430.3
P221770405;14200;11776.8;94.14;7218.82;13277.7
P222770405;14200;11934;95.256;7323.44;13315.4
P223770405;14000;11948.6;95.256;7345.15;13305.3
P229770405;14200;11833.7;94.14;7202.7;13353
P230770405;14200;11919.1;95.256;7252.12;13381.9
P212770407;14605;9381.29;79.2335;7348.55;10734.1
P212752703;14605;11137;97.3384;6494.59;13464.3
Q213752701_2;3000;1550.83;14.2811;5493.31;5020.73
Q213752701_1;14605;10971.7;93.8567;6430.96;13371.7
P213752701;14615;10724.7;96.4488;5937.45;13687.8
P213770405;14200;11882.4;94.14;7194.75;13410.7
Q214752701_1;14200;11057.7;94.5312;6924.58;12894.3
P214752701;14200;11502.9;95.5368;7305.11;12905.2
Q215752701_1;14805;10249.4;91.8124;5832.08;13332.7
P215752701;14805;10857.1;99.1089;6288.96;13419.1
Q216752701_1;14200;11142.4;94.602;7101.93;12776.6
P216752701;14200;11151;95.6856;7079.41;12810.9
P219770407;13900;9946.3;82.8258;6725.93;12009.6
P219752703;14805;10950.1;97.0624;6044.34;13791.2
Q220752701_2;8605;4594.53;43.5535;7016.16;6326.63
Q220752701_1;14200;11262.3;94.3236;7129.56;12865
P220752701;14805;10781;96.8632;6045.65;13620.6
P220770405;14200;11634.4;93.024;7269.06;13078
P221752701;14605;10793.8;94.1183;6421.84;13204.1
Q222752701_1;14605;11262.9;97.222;6681.57;13376.8
P222752701;14615;10437.2;96.5808;5839.33;13512.3
Q223752701_1;14600;10938.2;92.4648;6416.36;13354.8
P223752701;14200;10964.1;95.6364;6920.68;12805.2
P226770407;14605;11049.3;93.5807;6477.16;13396.5
P226752703;14805;11137.6;99.2913;5995.96;14033.9
Q227752701_1;14200;11270.7;94.1256;7070.64;12940.7
P227752701;14615;10434.1;97.224;6124.16;13184.1
P227770405;14200;11606.1;93.024;7234.7;13088.8
P228752701;14200;11076.6;95.0184;7009.34;12816.4
P228770405;14200;11486.5;91.854;7487.11;12681.2
Q229752701_1;14805;10681.8;95.5288;6458.75;13050
P229752701;14805;11028.6;99.0693;6217.26;13672.3
Q230752701_1;14200;11201.8;94.3848;7016.76;12933.3
P230752701;14200;11292;95.604;7315.08;12683
P233770407;13000;10038.4;82.3956;7477.9;11243.6
P233752703;14605;10922.8;97.8244;6391.44;13367.8
P191730403;14800;10536.4;96.1188;6460.01;12903.2
P192730401;14800;9644.83;90.516;6534.98;11926
P194730401;14600;9892.42;94.6776;6279.12;12465.6
P195730401;14600;9734.19;93.0948;6277.71;12309
P199730401;14600;10015.7;94.7148;6728.65;12075.8
P200730401;14800;9923.43;94.6452;6439.58;12313.5
P184730401;11400;7356.07;68.58;7190.92;8888.75
P184730403;13400;8916.63;83.2416;6860.06;10826.9
P185721901;8600;5833.72;52.9776;7344.23;7191.45
P185730401;14800;9627.75;91.1676;6713.68;11705
P186730401;14800;9316.74;90.9012;5985.49;12225
P186730403;14600;11148.4;97.8576;6749.15;13185.2
P187730401;14600;10032.1;94.9896;6330.93;12546.1
P187730403;14800;10862.8;99.144;6477.2;13210
P188730401;14800;9776.5;93.3084;6261.52;12369.8
P191730401;10400;6862.63;65.844;7262.32;8313.83
P192730403;14800;10663.2;97.2096;6631.78;12834
P193730401;14800;9643.85;93.2712;6211.01;12294.7
P193730403;14800;11090.5;98.8596;6635.84;13256.6
P195730403;14800;10904.2;97.4136;6899.31;12769.6
P198730401;14800;9703.46;92.7576;6163.97;12408
P198730403;14800;10890;99.144;6527.58;13179.7
P200730403;14800;10817.6;97.2612;6687.3;12925
P201730401;14600;10026.8;95.5548;6681.63;12140.6
P201730403;14800;10852.1;98.304;6700.83;12944.1
P202730401;14800;9721.18;92.7576;6288.69;12283.4
P186721701;14600;23770.1;87.1736;10673.6;21328.6
P187721701;14805;22887.2;88.1631;7920.22;23587.6
Q184731005_1;2600;2316.6;6.7176;6311.86;4852.42
P184731005;14810;20211.2;73.889;9338.65;19293
P185721701;14610;23995.8;92.5733;10046.1;22270.3
P188721701;11605;12607.9;44.8888;10446.1;10425.9
P188731005;14810;23884;92.1665;8789.4;23592.6
P191731005;14200;22632.2;86.8577;9171.35;21904.9
P192721701;14605;23977.4;88.1892;9525.52;22846
P193721701;9805;12333.8;43.948;11161.4;9335.58
P193731005;14600;23972.1;87.3775;9141.88;23278.4
P194721701;14805;22828.2;88.3584;10319.2;20791
P195721701;11605;15637.7;47.8315;10623.4;13253.4
P195731005;14805;23877.4;94.6109;8632.76;23764.7
P198731005;14400;21920.1;82.4369;9832.48;20438.4
P199721701;12805;18746.5;64.1308;10697;16278.3
P199731007;14800;23080.2;91.6447;9987.56;21421.5
P200721701;14800;23741.5;83.7212;7469.3;24956.5
P201721701;14805;23345.1;88.8744;9777.04;21926.7
P202721701;12010;16622.7;56.1688;9398.88;15635.8
P202731005;14805;23248.4;93.008;8637.05;23130.9
P205731005;14810;23107;87.3641;6598.56;25315.6
P206721701;14800;23949.1;88.7108;9923.73;22363.2
P207721701;8000;9923.01;33.0415;11068.2;7031.17
P207731005;14610;23479.9;86.1089;7486.61;24675.2
P208721701;14605;23561.6;91.106;8891.3;23153.9
P209721701;10205;13840.3;44.1163;11121.5;10887.6
P209731005;14800;23652.5;94.6325;8270.61;23953.1
P212731005;13805;19956.2;80.3957;10474.2;17742.3
P213721701;14800;23808.3;85.9376;11010;20982.9
Q212731005_1;3600;3907.18;11.2632;7478.77;5111.38
P214721701;9405;11899.1;41.3563;10815.2;9295.99
P214731005;14805;23871.3;89.4593;9857.07;22361.5
P215721701;14605;23336.8;88.5965;9950.86;21720
P216721701;11610;19307.8;62.9737;11331.7;16115.2
P216731005;14800;23821;93.7716;9483.18;22737.9
P219731005;14605;22954.3;86.8003;8566.18;22917.6
P220721701;14610;23945.9;89.5841;9879;22411.1
P221721701;11205;14354.7;48.7048;10844.6;11718.1
P221731005;14405;23949.1;90.8888;10882.7;21268.9
P222721701;14805;23670.5;88.6241;9120.57;23001.2
P223721701;14015;19901.9;64.8194;10670.9;17463.4
P223731005;14805;22926.2;92.5299;10113.1;21124.3
P226731005;14605;22959.1;85.8821;8727.3;22738.6
P227721701;14610;23996.1;87.9051;9062.24;23393.4
P228721701;11010;12997.9;46.3264;10244.4;11046.1
P228731005;14405;23969.3;88.9793;8861.6;23595.5
P229721701;14805;23711.3;87.5631;8403.29;23860.5
P230721701;11810;15029.7;51.7144;10790.8;12454.3
P230731005;14800;23853.9;94.7801;7927.44;24546.1
P233731005;13200;20625.3;72.8888;11068.8;17732.7
P171730503;14800;10778.8;98.4364;6447.24;13160.1
P173730505;14788;10368.1;96.9612;6895.86;12237.5
P170730501;8000;4629.82;50.116;7014.91;6363.35
P171730505;14788;10124;90.638;6495.9;12449.8
P173730503;14376;9472.75;88.3281;6190.65;12146.9
P174730501;14776;9988.47;93.5736;6774.84;11996
P177730507;14764;9728.71;90.84;6758.39;11755
P178730505;13188;6985.53;67.2406;7022.27;8710.67
P178730501;14934;9748.07;90.3058;6491.23;12079.2
P178730503;14800;10372.2;99.154;6065.82;13188.8
P180730505;10988;6833.76;64.628;7551.67;7954.77
P205730401;11000;6364.36;60.2136;6899.12;8230.02
P205730403;14600;10374;95.7816;6290.84;12933.8
P206730401;12600;8540.72;80.4444;7177.79;10088.4
P206721901;14800;10857.4;98.6628;6743.2;12901
P207730401;14800;10000.6;96.0756;6108.45;12768.6
P207730403;14800;10760.6;97.5756;6523.07;13055.4
P208730401;14800;9853.4;93.2148;6230.14;12482.5
P209730401;14800;9878.5;92.556;6286.76;12443
P209730403;14800;10717.5;97.5684;6643.3;12875.1
P212730401;14800;9778.53;93.3084;6227.8;12410.3
P212730403;14800;10854.5;99.144;6568.1;13097.9
P213730401;14800;9665.4;91.5732;6401.8;12098.6
P214730401;14600;10014.4;93.1068;6230.07;12643.6
P214730403;14800;10604;97.2096;6885.61;12485.1
P215730401;14800;9779.07;93.1164;5928.77;12752
P215730403;14800;10857.7;99.144;6619.09;13042.9
P216730401;14600;9920.44;93.7908;6477.35;12267.4
P184730301;13800;9355.44;83.3574;7008.36;11096.4
P185730301;14500;10902.8;93.6732;6738.54;12951.7
P202730301;14800;10931.7;96.5196;6489.43;13264.9
P205730301;14200;10685.4;92.9538;6924.56;12522.1
P206730301;14900;10993.3;95.9112;6749.46;13029.8
P186730301;14700;10522.3;92.28;6695.94;12619.9
P187730301;14900;10760.7;93.6828;6895.87;12630
P188730301;14800;11276.8;98.0664;6874.7;13170.3
P191730301;14300;10595.1;91.9152;6898.28;12461.8
P192730301;14800;10538.4;93.291;6686.07;12647.2
P193730301;14900;11076.2;93.6816;7021.78;12801.9
P194730301;14800;10904.2;96.654;6454.83;13276.9
P195730301;14900;10692.9;93.8706;6319.84;13219.6
P198730301;14200;10604.7;92.0172;6897.55;12472.1
P199730301;14900;10780.8;95.4;6474.29;13131.3
P200730301;14700;9873.18;85.9866;6938.24;11694.2
P201730301;14800;11012.2;94.7844;6918.96;12855.3
P207730301;14800;10633.2;91.9488;6824.01;12584.6
P208730301;14800;10837.5;95.3382;6981.6;12609
P209730301;14800;11176.6;96.3606;6937.96;12998
P214730301;14600;10750;93.2796;6607.84;12948
P215730301;14800;10859.7;95.3922;6389.63;13306.8
P220730301;14500;10280.2;89.841;6720.53;12349.7
P221730301;14800;11174.6;96.57;6588.7;13394.5
Q212730301_1;1900;858.552;5.6034;4948.32;4950.35
P212730301;14800;10003.2;90.378;5879.13;13032.8
P213730301;14800;10931.6;95.1276;6384.71;13384.3
P216730301;14800;11259.6;96.7728;6490.41;13591.7
P219730301;14700;10591.9;94.4772;6331.78;13104.9
P222730301;14700;10960.8;95.28;6798.32;12941.5
P223730301;14800;10735.8;95.1894;6614.15;12926.6
P226730301;14800;10673.6;92.9568;6428.69;13076.1
P227730301;14900;11005.7;96.5796;6296.65;13558.9
P228730301;14800;10309.7;90.0234;6945.12;12122.9
P229730301;14900;11010.1;96.0084;6919.78;12852.1
P230730301;14800;10848;94.872;6324.61;13369.3
P233730301;14800;10698.1;93.2886;6227.99;13329.6
P219730401;11400;6902.67;62.0856;7209.07;8414.64
P219730403;14800;10062;96.228;6149.22;12783.4
P220730401;9800;6778.2;61.3068;7810.88;7603.41
P220730403;14600;10152.2;96.2976;6894.5;12023.2
P221730401;14800;9634.37;91.9896;6279.7;12206.9
P221730403;14800;10492.4;96.1872;6252.16;13096.4
P222730401;14800;10613.9;96.0252;6269.52;13198.1
P222730403;14800;9815.41;96.5964;6343.4;12315.2
P223730401;14800;10881.7;98.304;6525.1;13174.2
Q226730401_1;10800;7413.72;63.7656;7688.75;8378.31
P226730401;14800;9779.94;96.552;6083.68;12576.1
P227730401;10200;7042.15;63.966;7547.29;8168.16
P227721901;14600;10164.6;96.1056;6552.46;12425.9
Q228730401_1;14200;9891.65;88.9428;6087.92;12683
P228730401;14800;9905.84;96.5964;6226.27;12539.3
Q229730401_1;14800;10454.9;95.2824;6536.87;12734
P229730401;14800;9887.3;96.5964;6124.22;12637.2
P230730401;14800;10975.1;98.8296;6293.13;13532.3
Q233730401_1;11000;6555.97;63.9012;7062.57;8235.11
P233730401;14800;10594.8;95.8332;6766.66;12611.6
P178730105;10000;5780.13;60.0444;7198.07;7304.64
P179730105;14800;9977.26;94.0512;6451.02;12354.3
P179730109;14400;8073.64;87.4476;6460.95;10439.3
P180730103;14800;9211.91;95.2632;6422.76;11621.2
P170730111;12800;7103.94;79.5168;6536.87;9382.99
P170730113;14200;8266.64;83.6676;6449.63;10645.2
P170707001;13800;8825.63;90.396;6652.91;10972.3
P171730107;14800;9146.51;94.7628;6079.1;11947.9
P172730103;14800;9156.83;95.2632;6586.01;11379.8
P172730105;13200;7398.07;69.8532;6788.31;9390.18
P172730107;14800;9188.05;94.3884;6107.93;11956.6
P173730103;14800;9151.64;95.9544;5804.74;12266.1
P173730105;10000;5420.13;54.4956;6832.02;7362.37
P173730107;10600;6348.49;65.1276;7077.56;8010.53
P173730109;14400;8345.6;92.9376;6051.01;11179.1
P174730103;14800;9159.76;91.9584;6519.06;11459.1
P174730105;11000;6194.89;62.004;6942.76;8010.75
P174730107;14800;9613.79;96.1092;6446.89;11995.5
P177730111;14400;8577.46;94.2624;6088.35;11368.3
P177730113;9000;4971.05;50.448;7164.58;6533.78
Q177707001_1;14400;8251.18;93.312;6098.07;11031
P177707001;14800;10092;96.6852;5946.58;13044.6
P178730107;14800;8730.71;91.3644;5999.25;11623.3
P178730109;14400;8255.49;92.6208;6095.34;11038.4
P179730103;14800;9991.19;96.1848;6651.12;12139.9
P173730803;14800;10370.2;79.7256;7011.15;12108.1
Q174730801_1;13600;8503.26;66.7656;7411.46;9784.28
P174730801;14200;10092.8;74.4504;7126.29;11699.2
P177730801;14800;7752.06;60.7626;5004.21;11780.1
P178730803;14800;9400.02;71.4222;6346.51;11896.3
P179730805;14400;10970.1;80.5302;7284.91;12395.5
P170730803;10800;6381.41;48.789;7832.48;7181.98
Q171730803_1;12000;6280;49.6674;7121.16;7892.29
P171730803;14600;9543.41;70.5618;5598.11;12893.7
P172730801;14800;10166.9;77.6016;7651.45;11174
P172730805;14600;11370.5;81.8352;6803.28;13345.5
P177730803;14200;12606.9;91.368;7299.47;14015.7
Q178730803_1;14600;9180.76;70.0938;7442.19;10426.7
P179730801;14600;10226.9;77.019;5635.16;13534.9
P184730507;10600;6112.59;63.9326;7089.2;7761.35
P185730505;14176;10201.2;89.6968;7186.9;11738.5
P191730507;12800;7720.86;78.2238;6816.04;9681.34
P192730505;14781;9809.19;86.0185;6841.79;11740.3
P187730505;14776;10233.2;95.8576;6191.23;12906.7
Q194730505_1;11164;7936.42;67.9698;7526.34;9086.33
P194730505;14800;9755.68;99.0288;6092.53;12541.8
P198730507;14788;10146;96.3104;6601.05;12351.8
P199730505;14788;10213.5;96.4356;6070.71;13024.4
P201730505;14776;10581.6;96.1748;5944.29;13536.8
P205730507;14800;9901.38;97.3724;6185.27;12581.6
P206730505;14788;10585.5;96.9468;5935.26;13551.1
P208730505;14776;10543.3;96.0496;6713.56;12620.7
P170711301;6100;8519.26;23.4194;10688.3;6060.94
P171711301;14410;23882.3;71.2469;9344.94;22957
P173711301;14110;26352.5;66.8587;9659.93;25067.7
P177711301;9840;13165.1;37.3599;10401.4;11034.2
P178711301;12280;19102.5;50.8469;11023;16262.2
P170738701;5000;3784.21;30.3032;7121.98;5395.56
P170733303;14000;11661.2;90.804;7172.15;13215.3
P171730311;14000;11587.7;90.804;7120.09;13201.3
P171730305;14000;11670.5;90.804;7148.63;13251.5
P172730303;14000;11648.4;90.804;7153.17;13224.1
P173733303;12000;9722.58;75.7052;7967.01;10369.6
P173730303;14000;11565.8;90.804;7292.16;12983
P174730303;14000;11552.5;90.804;7116.21;13170.4
P177738701;14000;11674;90.804;7233.49;13158.1
P177733303;14000;11552.4;90.804;7095.42;13194.1
P178730311;14000;11543.2;90.804;7098.2;13181.6
P178730305;14000;11630.6;90.804;7078;13292.1
P179730303;14000;11717.8;90.804;7175.06;13268.6
P184730113;9000;4378.37;45.0852;6852.25;6297.51
P186730105;7600;4608.42;43.3421;7198.63;6132.3
P187730105;10000;6423.33;63.8544;7562.95;7531.47
P191730113;8000;4660.61;48.2292;7115.55;6279.29
P193730105;7600;4789.8;44.6376;7313.45;6182.66
P194730105;10000;5644.72;57.5352;7349.3;6996.66
P198730113;9000;5274.18;53.5116;7334.78;6642.7
P200730105;7600;4505.92;41.1456;7265.82;5953.13
P201730105;9000;5159.59;52.9692;7264.27;6608.57
P205730113;9000;5356.04;53.4816;7297.16;6767.49
P207730105;11600;7276.72;69.0468;7523.18;8430.24
P209730105;5000;2969.91;30.5904;6505.39;5284.88
P212730507;12200;7587.45;75.1362;6977.41;9363.77
P213730505;14776;9968.22;88.6574;7105.92;11597.9
Q215730505_1;11176;6860.12;66.549;7117;8477.15
P215730505;14800;10842.9;99.154;6175.07;13534.8
P219730507;14788;9715.92;97.3996;6354.86;12202.7
P220730505;14776;10762.3;94.4594;7291.6;12180.1
P222730505;14776;9899.92;92.805;6061.34;12721.6
P226730507;14788;9754.4;96.3104;6011.13;12633.4
P227730505;14788;10575.6;95.1672;6031.65;13431.2
P229730505;14776;10687.1;96.9196;6588.48;12907.3
P233730507;7988;4573.61;43.7776;7032.42;6287.16
P170730903;14550;3836.81;79.1371;5348.05;7472.46
P171730901;14550;3793.83;78.6559;5120.04;7689.67
P171730903;14500;3707.87;77.6781;4941.47;7807.49
P171730905;14700;4310.26;86.5351;5158.25;8162.49
P172730901;13950;3880.48;81.6459;5143.4;7749.66
P172730903;14700;4310.26;86.5351;5260.86;8045.4
P173730901;13950;3880.48;81.6459;5143.4;7749.66
P173730903;14700;4310.26;86.5351;5183.91;8133.22
P173750501;14650;4224.3;85.5572;5225.62;7999.66
P174730901;14500;3966.43;82.6237;5104.11;7880.46
P174730905;14650;4052.39;83.6015;5058.44;8018.53
P177730901;13950;3880.48;81.6459;5143.4;7749.66
P177730903;14700;4310.26;86.5351;5312.17;7986.86
P178730901;14600;4138.34;84.5794;5241.19;7895.94
P178730903;13950;3880.48;81.6459;5143.4;7749.66
P178730905;14750;4224.3;85.5572;5040.62;8210.78
P179730901;13950;3880.48;81.6459;5143.4;7749.66
P179730903;14800;4310.26;86.5351;5101.51;8227.24
P180730901;14550;4052.39;83.6015;5217.79;7836.69
P184717601;4600;3065.8;18.0624;6568.17;5309.12
P191717601;4000;3487.78;20.5188;7119.57;5101.88
P198717601;3600;3770.53;22.194;7410.29;5052.88
P205717601;4000;3964.24;22.6488;7502.26;5141.64
P212717601;4600;3821.79;22.5264;7242.18;5295.97
P219717601;4600;3891.42;22.9572;7324.55;5271.6
P226717601;4000;3507.13;20.6712;7133.96;5104.81
P233717601;4000;3956.31;23.364;7529.45;5102.68
P212730113;10000;5060.96;51.0312;6958.17;6859.24
P214730105;7600;4883.5;44.6784;7426.02;6147.9
P215730105;9000;5213.92;53.3676;7295.42;6627.35
P219730113;9000;5498.68;55.242;7374.35;6822.03
P221730105;7600;4714.31;43.878;7357.74;6056.63
P222730105;9000;5429.78;54.3768;7436.95;6681.71
P226730113;9000;5305.68;54.1548;7305.75;6707.32
P228730105;11600;7609.08;72.3504;7411.58;8889.95
P230730105;8000;4871.2;49.752;7270.19;6313.43
P185702901;6000;5406.32;36.306;8213.53;5772.06
P187702901;8000;8108.67;54.432;9043.98;7526.75
P192702901;6000;5406.32;36.306;8213.53;5772.06
P194702901;9000;8447.07;56.718;9075.49;7829.2
P199702901;6000;5406.32;36.306;8213.53;5772.06
P201702901;9000;8447.07;56.718;9075.49;7829.2
P206702901;6000;5743.91;38.592;8360.82;5941.57
P208702901;9000;8447.07;56.718;9075.49;7829.2
P213702901;6000;5237.12;35.19;8139.5;5687.34
P215702901;9000;8277.87;55.602;9059.8;7677.89
P220702901;6000;5406.32;36.306;8213.53;5772.06
P222702901;9000;8447.07;56.718;9075.49;7829.2
P227702901;6000;5743.91;38.592;8360.82;5941.57
P229702901;8000;8109.48;54.432;9044.51;7526.95
P171730603;12823;9261.61;72.8161;7538.17;10398
P172730603;12816;9709.94;72.8426;7604.09;10771.1
P173730603;12816;8910.68;72.966;7777.99;9773.43
P174730603;12816;10708.3;75.6179;7954.69;11369.4
P177730603;12816;11675;80.4641;7838.27;12469
P178730603;12823;11380.2;78.1216;7993.82;11996.7
P179730603;11218;9080.19;62.3143;8461.89;9162.52
P184709601;12600;6279;83.9748;6386.04;8730.16
P186709601;8400;3946.8;52.7604;6563.24;6195.75
P187709601;14000;7176;95.928;6002.8;10064.5
P191709601;8400;4126.2;55.1964;6596.2;6337.53
P192709601;14000;7176;95.928;6002.8;10064.5
P194709601;14000;7176;95.928;6002.8;10064.5
P198709601;14000;7176;95.928;6002.8;10064.5
P200709601;8400;3946.8;52.7604;6563.24;6195.75
P201709601;14000;7176;95.928;6002.8;10064.5
P205709601;14000;7176;95.928;6002.8;10064.5
P207709601;8400;3767.4;50.4;6530.27;6053.97
P208709601;14000;7176;95.928;6002.8;10064.5
P184706603;10615;9107.36;48.212;7482.09;10307.8
P185706603;16430;13371;71.9213;3927.88;18627.3
P186706601;14220;12436.8;65.9179;5619.81;15762.3
P187706601;15825;13353.3;71.5266;4534.45;17917.4
P188706601;16425;13678.8;72.6966;4521.35;18257.8
P191706603;14825;12454.6;66.3126;5094.95;16379
P192706603;14825;12895;68.7222;4957.09;16976.8
P193706601;16430;13371;71.9213;3927.88;18627.3
P194706601;14825;12895;68.7222;5504.42;16352.3
P195706601;15820;13220.5;69.8922;5279.37;16934.6
P198706603;15825;13353.3;71.5266;4534.45;17917.4
P199706603;14825;12454.6;66.3126;5094.95;16379
P200706601;14825;12895;68.7222;4957.09;16976.8
P201706601;15825;13353.3;71.5266;4769.02;17649.7
P202706601;16425;13238.3;70.287;4890.77;17395.8
P205706603;14825;12895;68.7222;4957.09;16976.8
P206706603;15825;12912.8;69.117;4440.5;17584.1
P207706601;15825;12912.8;69.117;4672.31;17319.6
P208706601;15825;13353.3;71.5266;4769.02;17649.7
P209706601;15825;13353.3;71.5266;5081.78;17292.8
P186717701;3000;7736.4;15.948;11135.8;4767.45
P193717701;3000;7158.6;14.778;10684.5;4704.59
P200717701;3000;7158.6;14.778;10684.5;4704.59
P207717701;3000;7736.4;15.948;11135.8;4767.45
P214717701;2000;6631.2;13.608;10411.1;4489.16
P221717701;3000;7736.4;15.948;11135.8;4767.45
P228717701;3000;7158.6;14.778;10684.5;4704.59
P184730903;14650;4052.39;83.6015;5148.22;7916.08
P185730901;14700;4138.34;84.5794;5158.8;7989.96
P186730903;14650;4052.39;83.6015;5148.22;7916.08
P187730901;14700;4138.34;84.5794;5197.27;7946.06
P191730903;14650;4224.3;85.5572;5148.67;8087.48
P192730901;14600;4138.34;84.5794;5254.01;7881.31
P193730903;14500;3966.43;82.6237;5193.89;7778.01
P194730901;14700;4138.34;84.5794;5197.27;7946.06
P198730903;14600;4138.34;84.5794;5189.89;7954.49
P199730901;14600;4138.34;84.5794;5254.01;7881.31
P200730901;14550;4052.39;83.6015;5243.44;7807.42
P201730901;14550;4052.39;83.6015;5243.44;7807.42
P184730901;9400;2500.34;51.4406;5444.37;6026.07
P188730901;14000;3966.43;82.6237;5103.66;7880.97
P191730901;10900;2845.54;59.5346;5431.84;6385.58
P195730901;14000;3966.43;82.6237;5103.66;7880.97
P198730901;10950;3190.06;65.458;5572.74;6569.31
P202730901;14000;3966.43;82.6237;5103.66;7880.97
P212709601;8400;4126.2;55.1964;6596.2;6337.53
P213709601;14000;7176;95.928;6002.8;10064.5
P215709601;14000;7176;95.928;6002.8;10064.5
P219709601;8400;4126.2;55.1964;6596.2;6337.53
P220709601;14000;7176;95.928;6002.8;10064.5
P222709601;14000;7176;95.928;6002.8;10064.5
P226709601;8400;4126.2;55.1964;6596.2;6337.53
P227709601;14000;7176;95.928;6002.8;10064.5
P229709601;14000;7176;95.928;6002.8;10064.5
P233709601;8400;3767.4;50.4;6530.27;6053.97
P212706603;15825;12912.8;69.117;5604.58;16255.7
P213706603;15820;13220.5;69.8922;6608.6;15417.7
P214706601;14825;12895;68.7222;6286.32;15460
P215706601;15825;13353.3;71.5266;5081.78;17292.8
P216706601;14825;12454.6;66.3126;5094.95;16379
P219706603;15825;13353.3;71.5266;4221.69;18274.3
P220706603;15820;13220.5;69.8922;4732.03;17559.2
P221706601;14825;12454.6;66.3126;5094.95;16379
P222706601;16430;13811.5;74.3309;4256.4;18692.9
P223706601;14220;12436.8;65.9179;6479.9;14780.9
P226706603;16425;13678.8;72.6966;4834.11;17900.9
P227706603;14825;12454.6;66.3126;5329.27;16111.6
P228706601;14825;12895;68.7222;5191.66;16709.2
P229706601;15825;13353.3;71.5266;4221.69;18274.3
P230706601;15820;13220.5;69.8922;4732.03;17559.2
P233706603;15825;12912.8;69.117;4672.31;17319.6
P178706603;24460;17069;90.1893;-967.167;27911.2
P179706601;24825;23215.7;119.792;1459.27;31289
Q170706603_1;14630;11032.4;53.11;6211.32;13682.9
P170706603;24040;19207.4;110.743;-1302.73;30432.5
P171706603;24830;22600.2;118.209;1539.62;30581.8
Q172706601_1;21045;15121;77.646;-436.889;25358.1
P172706601;21625;20785;107.3;-75.5367;30609.7
P173706601;24840;20070.6;115.341;-161.297;29993.2
P174706601;24835;21754.7;114.006;862.669;30508.8
Q177706603_1;24245;18645;97.2684;-2229.15;30927.3
P177706603;22420;21708.3;122.648;12.9214;31432.1
P180706601;14825;12129.1;65.1966;5282.8;15839.2
Q184730801_1;7000;3034.5;25.137;6128.6;5779.44
P184730801;14800;11966.2;87.6006;7092.86;13610.8
Q186730801_1;11600;4917.3;40.4406;6040.51;7762.75
P186730801;14800;12724.5;91.6128;7132.54;14323.8
P188730801;14400;8769.04;66.3498;7801.93;9604.48
Q191730801_1;11600;4626.6;38.247;6194.72;7296.08
P191730801;14200;12606.9;91.368;7230.52;14094.4
Q193730801_1;11600;4727.8;38.9862;5841.05;7800.88
P193730801;14200;12606.9;91.368;7695.01;13564.4
P195730801;14400;9076.17;68.049;7861.89;9843.18
Q198730801_1;11600;4661.66;38.9862;6189.49;7337.12
P198730801;14200;12606.9;91.368;7055.61;14294
Q200730801_1;10800;4668.3;38.4318;6205.82;7325.11
P200730801;14600;12647.9;91.6128;6937.32;14470
P202730801;14400;8538.54;64.6506;7779.8;9399.22
Q205730801_1;11600;4804.43;38.9862;6168.17;7504.21
P205730801;14200;12448.6;91.368;6883.16;14332.5
Q207730801_1;12400;4937.6;40.5942;6297.97;7489.26
P207730801;14800;12435.9;90.1368;7084.51;14090
P209730801;13800;8936.17;66.933;7936.34;9618.22
P184734601;8000;3385.45;49.632;6123.08;6136.68
P185730601;14400;6142.66;89.4528;5566.29;9529.26
P187730601;14400;5671.48;82.1376;5709.22;8894.98
P191734601;9600;4135.81;59.7312;6143.73;6863.48
P192730601;14400;6142.66;89.4528;5588.74;9503.65
P194730601;14400;5671.48;82.1376;5709.22;8894.98
P198734601;9600;4135.81;59.7312;6143.73;6863.48
P199730601;14400;6142.66;89.4528;5768.27;9298.78
P201730601;14400;5671.48;82.1376;5709.22;8894.98
P205734601;9600;3856.63;57.0336;6105.26;6628.2
P206730601;14400;6264.78;89.7408;5438.66;9797.04
P208730601;12800;5392.29;79.3536;5824.66;8484.07
Q170709601_1;2800;1435.2;19.1856;5409.39;5000.85
P170709601;14000;7176;95.928;6002.8;10064.5
P171709601;14000;7176;95.928;6002.8;10064.5
P172709601;14000;7176;95.928;6002.8;10064.5
P173709601;14000;7176;95.928;6002.8;10064.5
P174709601;14000;7176;95.928;6002.8;10064.5
P177709601;14000;7176;95.928;6002.8;10064.5
P178709601;14000;7176;95.928;6002.8;10064.5
Q179709601_1;8400;4126.2;55.1964;6596.2;6337.53
P179709601;14000;7176;95.928;6002.8;10064.5
P212734601;11200;4292.87;62.2272;6079;7094.41
P213730601;14400;6142.66;89.4528;5745.83;9324.39
P215730601;12800;5514.42;79.6416;5809.23;8623.8
P219734601;11200;4292.87;62.2272;6079;7094.41
P220730601;14400;6142.66;89.4528;5745.83;9324.39
P222730601;12800;5514.42;79.6416;5809.23;8623.8
P226734601;11200;4292.87;62.2272;6123.89;7043.19
P227730601;14400;6142.66;89.4528;5588.74;9503.65
P229730601;12800;5392.29;79.3536;5824.66;8484.07
P233734601;9600;4135.81;59.7312;6121.29;6889.09
P216730801;13800;8507.54;64.3842;7773;9375.99
P219730801;12600;10351.4;74.5956;7959.95;11006.5
Q219730801_1;14600;8397.3;66.2958;4872.16;12576
P221730801;14800;9666.91;71.8578;5189.7;13483.3
Q221730801_1;14800;9173.4;71.6364;4778.8;13458.7
P223730801;14800;9295.02;70.3494;5211.24;13086.8
P226730801;14600;8154.8;65.2446;6775.6;10161.4
P228730801;14800;12435.9;90.1368;6852.34;14355
Q212730801_2;7000;3034.5;25.137;6128.6;5779.44
Q212730801_1;14600;10713.2;77.6916;7812.3;11536.8
P212730801;14800;8814.82;67.5918;4740.5;13143.8
P214730801;14800;12137.9;90.3708;7111.52;13761.2
Q226730801_1;14600;11044.2;80.1036;7849.09;11825.8
P230730801;14800;8827.17;66.1374;7345.3;10183.7
Q233730801_1;11600;7476.06;58.095;7930.77;8164.46
P233730801;14400;10023;73.9584;7484.65;11220.5
P171731301;12800;7480.72;79.056;7051.9;9172.05
P172731301;14400;8515.64;91.7568;6433.3;10912.9
P173731301;14400;8160.12;91.7568;5859.95;11211.6
P174731303;9600;5658.68;61.1712;7288.11;7080.45
P177731301;14400;7729.36;84.1536;6964.67;9520.22
P178731301;14400;7823;84.1536;6694.97;9921.63
P179731301;14400;8136;89.2512;6505.04;10451.4
P180731301;6400;3085.16;33.1776;6475.77;5433.93
P205730903;14750;3965.74;80.6116;5221.1;7746.26
P206730903;14600;4138.34;84.5794;5215.54;7925.21
P207730901;14550;4052.39;83.6015;5217.79;7836.69
P208730901;14600;4138.34;84.5794;5279.67;7852.03
P213730903;14700;4051.7;81.5895;5264.91;7782.23
P214730901;14550;4052.39;83.6015;5217.79;7836.69
P205730901;14500;3750.85;78.1593;5220.31;7532.28
P209730901;13950;3880.48;81.6459;5143.4;7749.66
P212730901;14550;4052.39;83.6015;5243.44;7807.42
P213730901;10900;2629.96;55.0702;5419.07;6184.58
P215730901;14550;4052.39;83.6015;5243.44;7807.42
P216730901;14500;3966.43;82.6237;5193.89;7778.01
P170734601;8000;3193.45;45.0144;6054.33;6023.14
P171730601;14400;6142.66;89.4528;5902.92;9145.13
P172730601;14400;6264.78;89.7408;6044.58;9105.59
P173730601;12800;5200.3;74.736;5771.99;8352.18
P174732201;14400;6264.78;89.7408;5371.33;9873.87
P177734601;11200;4205.68;64.0608;6000.25;7097.08
P177730601;14400;6264.78;89.7408;5640.63;9566.56
P178730601;14400;6264.78;89.7408;5663.07;9540.95
P179730601;14400;6509.03;90.3168;5923.96;9487.49
P171730507;14788;10924.1;92.859;6983.03;12694
P172730501;14800;11607.2;98.0432;6393.93;14049.4
P174730503;13788;10439.6;88.4778;7378.21;11758.5
P178730507;13376;9424.98;80.5328;7376.61;10745.8
P179730501;14800;11315.4;94.9648;6543.91;13586.4
P219730903;12600;3534.58;71.5399;5437.08;7068.64
P220730901;14600;4138.34;84.5794;5279.67;7852.03
P221730901;14550;4052.39;83.6015;5243.44;7807.42
P222730901;14550;4052.39;83.6015;5243.44;7807.42
P226730901;12600;3793.14;76.4855;5311.53;7470.46
P227730901;14550;4052.39;83.6015;5140.83;7924.51
P228730901;14550;4052.39;83.6015;5166.48;7895.24
P229730901;14600;4138.34;84.5794;5279.67;7852.03
P219730901;14500;3750.85;78.1593;5297.26;7444.46
P223730901;14000;3966.43;82.6237;5103.66;7880.97
Q226730901_1;14000;3966.43;82.6237;5103.66;7880.97
P230730901;14500;3966.43;82.6237;5193.89;7778.01
P233730901;14550;3793.83;78.6559;5038.54;7782.68
P212733303;13000;10682.5;84.318;7510.74;11850.2
P213730311;14350;11307.9;87.9756;7393.08;12609.9
P212738701;12000;7732.93;60.818;7064.86;9409.47
P171708201;7000;5724;39.788;7920.17;6424.5
P173708201;11200;8461.5;57.6926;8049.3;9014.65
P174708201;9800;8135.5;53.7138;8228.97;8483.61
P177708201;9800;8251;53.7138;8305.91;8511.31
P178708201;9800;7972.5;51.7244;8330.47;8204.79
P179708201;8400;7492.5;47.7456;8449.44;7589.03
P184701401;3000;2452.7;12.816;6355.19;4939.06
P186701401;4000;3583.03;18.72;7317.31;4971.47
P188701401;2000;1796.36;9.36;5822.15;4891
P191701401;3000;3109.03;16.164;6942.99;4924.63
P193701401;4000;3592.73;18.72;7327.12;4969.99
P195701401;2000;1568.36;8.244;5616.79;4897.35
P198701401;4000;3583.03;18.72;7299.72;4991.55
P200701401;4000;3337.03;17.334;7098.05;4975.68
P202701401;2000;1568.36;8.244;5616.79;4897.35
P205701401;3000;3589.31;18.666;7329.86;4963.44
P207701401;4000;3337.03;17.334;7098.05;4975.68
P209701401;2000;1824.06;9.63;5875.22;4858.14
P205738701;11950;6710.67;54.1355;7061.74;8390.76
P205733303;14000;11590.8;90.804;7092.35;13235.9
P206730311;14000;11734.6;90.804;7180.3;13279.4
P184738701;9000;6372.32;49.867;7595.56;7443.25
P184733303;12000;9824.27;77.832;7818.43;10640.9
P185730311;14000;11726.3;90.804;7188.1;13262.2
P198738701;8000;5018.45;39.1275;7361.02;6357.02
P198733303;14000;11499.8;90.804;7114.16;13120.1
P199730311;14000;11747.4;90.804;7200.52;13269.1
P226738701;9000;5780.88;45.6135;7412.75;7060.42
P226733303;14000;11553.3;90.804;7093.46;13197.2
P227730311;14000;11728.6;90.804;7183.28;13270
P191738701;8000;5282.22;41.2542;7465.85;6501.17
P191733303;14000;11465.7;90.804;7095.53;13107.2
P192730311;14000;11777;90.804;7252;13240
P219738701;9000;5542.78;43.4867;7481.69;6743.65
P219733303;14000;11509.5;90.804;7111.14;13133.2
P220730311;14000;11757.3;90.804;7194.96;13285.3
Q207730103_1;11200;5507.63;61.2576;6757.55;7534.85
P207730103;14800;8708.6;91.2024;5542.02;12122.9
P208730103;14800;9182.86;95.0796;6076;11987.8
P209730103;14800;8978.29;91.6416;6285.15;11544.6
Q212730111_1;14400;8250.08;93.312;6095.87;11032.4
P212730111;14800;10107.4;97.0308;5463.27;13611.6
Q228730103_1;11200;5347.34;60.5952;6631.71;7518.15
P228730103;14800;9009.87;92.8728;5769.4;12164.7
P229730103;14800;9180.7;95.4252;5867.75;12223.3
P230730103;14800;8979.57;91.296;5907.19;11977.2
Q233730111_1;14400;8250.19;93.312;6095.91;11032.4
P233730111;14800;10122.9;97.3764;6695.52;12220.9
Q221730103_1;10600;6141.75;62.172;7418.66;7414.54
P221730103;14400;8066.34;89.1648;5879.21;11095.9
P222730103;14800;9313.42;96.2712;6155.7;12027.4
P223730103;14800;9301.51;95.9256;6301.31;11849.4
Q226730111_1;14400;8247.77;93.312;6095.61;11030.3
P226730111;14800;10125.3;97.3764;6761.51;12148
Q214730103_1;9600;4582.57;51.9264;6728.63;6642.78
P214730103;14800;8873.14;91.5192;5704.65;12101.9
P215730103;14800;9321.48;95.58;6156.74;12034.3
P216730103;14800;9144.22;94.572;5747.82;12323.7
Q219730111_1;14400;8250.96;93.312;6098.12;11030.7
P219730111;14800;9983.79;96.876;7111.78;11606.8
Q200730103_1;8000;4595.6;50.4576;6816.33;6555.74
P200730103;14800;8997.49;94.2552;5868.53;12039.2
P201730103;14800;9314.63;96.2712;5962.04;12249.6
P202730103;14800;9304.11;95.58;6452.6;11679.3
Q205730111_1;14400;8250.08;93.312;6096.98;11031.1
P205730111;14800;10002.6;96.876;6787.39;11995.8
P195730103;14800;8977.74;91.6416;6593.49;11192.2
Q198730111_1;14400;8419.04;92.9376;6262.89;11010.7
Q193730103_1;9600;5206.34;57.4272;6884.99;7088.13
P193730103;14800;8861.8;93.4092;5862.6;11910.3
P194730103;14800;9315.4;96.2712;6156.68;12028.3
P198730111;14800;9818.75;96.9048;7015.3;11551.8
Q186730103_1;9000;5211.38;53.6184;7298.21;6621.63
P186730103;14400;8685.93;94.5792;6006.86;11569.8
P187730103;14800;9316.17;96.2712;6347.63;11811.2
P188730103;14800;9303.45;95.58;6515.86;11606.5
Q191730111_1;14400;8577.61;93.9456;6085.75;11371.4
P191730111;14800;9795.98;96.7428;7076.93;11458.7
P212701401;3000;2889.3;15.048;6699.35;4982.92
P214701401;4000;3555.33;18.45;7267.43;5000.7
P216701401;2000;1824.06;9.63;5875.22;4858.14
P219701401;3000;3109.03;16.164;6896.03;4978.22
P221701401;2000;1796.36;9.36;5822.15;4891
P222701401;3000;3364.73;17.55;7154.47;4939.01
P226701401;2000;1540.66;7.974;5613.86;4872.99
P227701401;4000;3583.03;18.72;7300.83;4990.28
P229701401;3000;3364.73;17.55;7154.47;4939.01
P233701401;2000;1540.66;7.974;5613.86;4872.99
P184722301;12800;9764.88;79.5456;7632.64;10793.5
P186722001;14400;11463.1;93.312;6871.97;13359.8
P191722301;14400;10401.7;84.7296;7396.15;11700.2
P193722001;14400;11463.1;93.312;6871.97;13359.8
P198722301;14400;10401.7;84.7296;7396.15;11700.2
P200722001;14400;11463.1;93.312;6871.97;13359.8
P205722301;12800;9977.16;81.2448;7566.81;11080.9
P207722001;14400;11463.1;93.312;6871.97;13359.8
P171739801;4200;4210.97;19.5525;7705.18;5156.81
P173739801;9540;12367.8;52.3187;10661;9940.64
P178739801;5770;6418.03;27.8585;8882.7;6020.16
P180739801;5340;4849.35;20.2347;7963.09;5500.87
P174716103;6400;4931.58;41.1396;7456.74;6160.92
P177716103;8600;6886.91;55.0608;8416.5;7021.03
P212722301;14400;10401.7;84.7296;7396.15;11700.2
P214722001;14400;11463.1;93.312;6871.97;13359.8
P219722001;14400;10401.7;84.7296;7396.15;11700.2
P221722001;14400;11463.1;93.312;6871.97;13359.8
P226722001;14400;10401.7;84.7296;7396.15;11700.2
P228722001;14400;11463.1;93.312;6871.97;13359.8
P233722001;6400;4245.6;34.5888;7315.69;5635.9
P170701401;7000;7144.64;37.116;9174.76;6413.48
P172701401;6000;6701.76;34.83;9031.22;6134.39
P174701401;3000;3145;16.38;6983.97;4913.83
P177701401;4000;3811.03;19.836;7481.13;5012.54
P178701401;3000;3364.73;17.55;7155.58;4937.74
P179701401;4000;4867.99;25.2;8119.46;5341.08
P171702901;13000;12843;86.22;8473.85;12911.7
P173702901;14200;14187.8;95.256;7843.94;14975.2
P178702901;11000;10812.6;72.612;9022.12;10255.7
P180702901;5000;4730.33;31.788;7879.5;5477.24
P171730801;14600;3770.22;47.0322;5174.16;7604.32
P172730803;14600;3592.74;44.5752;5044.02;7575.33
P173730801;14400;4020.16;50.274;5159.92;7870.49
P173730805;14400;4020.16;50.274;5159.92;7870.49
P174730803;14600;3768.78;47.0322;4826.8;7999.26
P178730801;14400;4309.4;51.444;5030.37;8307.57
P178730805;14400;4020.16;50.274;5159.92;7870.49
P179730803;14400;4020.16;50.274;5159.92;7870.49
P209716103;4400;1718.21;15.6252;5563.25;5108.29
P212716103;4200;2460.01;23.6904;6221.38;5099.07
P216716103;3200;1457.41;12.0204;5452.45;4973.93
P219716103;5400;2789.29;26.3064;6301.62;5336.79
P195716103;3200;1392.43;12.7644;5391.23;4978.81
P198716103;5400;3728.47;30.5304;6776.4;5734.18
P188716103;3200;1431.05;11.4192;5369.89;5041.79
P191716103;6400;3627.87;30.9768;6663.12;5762.84
P171722001;12800;9977.16;81.2448;7566.81;11080.9
P173722001;11200;8703.48;70.8768;7922.77;9401.01
P174722001;11200;8703.48;70.8768;7922.77;9401.01
P177722001;11200;8491.2;69.1776;7949.59;9158.13
P178722001;14400;10826.3;88.128;7186.48;12364
P179722001;14400;11463.1;93.312;6871.97;13359.8
P223716103;3200;1445.07;11.6424;5439.65;4976.2
P226716103;5200;3304.19;27.738;6720.7;5373.46
P202716103;3200;1800.11;14.2908;5739.64;4988.91
P205716103;5200;3604.03;30.3108;6857.3;5517.42
P230716103;3200;1793.79;13.9404;5655.22;5078.92
P233716103;5200;3299.07;28.3608;6863.26;5205.66
P212731301;12800;7166.52;79.056;6728.15;9227.28
P214731301;8000;3991.76;43.3728;6924.22;5828.78
P215731301;12800;7299.96;81.5616;6877.67;9190.11
P170732001;3245;2870;14.3736;6773.9;4878.56
P172731901;8130;8228;41.2704;9739.94;6851.89
P174731901;3280;3941.6;19.7359;7616.43;4988.72
P177732001;9770;10753.2;53.8454;10442.5;8575.39
P172730703;6300;2145.34;18.5074;5788.1;5278.84
P174730701;4200;1729.92;16.6721;5636.8;5036.07
P184731301;4800;2781.24;30.5856;6364.3;5257.21
P185731301;12800;6894.76;76.464;6889.45;8771.46
P187731301;12800;7420.32;81.5616;6891.69;9294.46
P205731301;6400;3708.32;40.7808;6811.29;5674.21
P206731301;12800;7215.16;79.056;6816.71;9174.86
P208731301;12800;7310.2;81.5616;6900.64;9174.14
Q174730605_1;2000;3393.44;4.41;7415.89;4669.39
P174730605;11600;23900.4;49.7628;10819.3;21292.6
Q172716103_1;2000;2272;9.702;6305.92;4814.6
P172716103;8600;4982.08;50.0736;6959.67;6778.65
P233738701;5000;3579.74;28.1765;7003.15;5326.7
P233733303;10000;8050.03;62.7332;8237.91;8387.94
P226731301;6400;3708.32;40.7808;6811.29;5674.21
P227731301;12800;7112.72;79.056;6848.48;9036.17
P229731301;12800;7416.64;81.5616;7001.72;9165.22
P191731301;8000;4012.24;43.3728;6937.63;5833.96
P192731301;12800;6905;76.464;6859.86;8815.47
P194731301;14400;7726.8;84.1536;6848.55;9650.18
P198731301;6400;3196.68;35.6832;6540.84;5471.2
P199731301;12800;7208.92;79.056;6871.68;9105.9
P201731301;12800;7416.64;81.5616;7001.72;9165.22
P219731301;6400;3498.04;38.2752;6720.99;5566.97
P220731301;12800;7112.72;79.056;6777.77;9116.87
P222731301;12800;7208.92;79.056;7066.14;8883.99
P186716103;5400;2997.99;27.7452;6319.29;5525.32
Q222733303_1;6000;2963.2;24.0288;6326.99;5481.74
P222733303;14000;11428.1;88.6772;7317.66;12816.1
Q201733303_1;5700;3037.34;24.3224;6419.19;5450.67
P201733303;14000;11380.7;88.6772;7324.31;12761.2
P193716103;5200;2667.17;22.8948;6194.61;5336.78
P228716103;7600;4310.77;35.6016;6535.83;6591
P184716103;4200;2455.09;21.0852;6084.43;5250.44
P179716103;8600;5248.8;42.4284;6871.26;7146.26
P171710101;5000;3535.33;23.6112;6948.01;5345.2
Q187733303_1;5000;2697.39;21.7962;6243.05;5311.72
P187733303;14000;11421.3;88.6772;7188.65;12956.6
Q194733303_1;5000;2978;23.923;6588.29;5198.37
P194733303;14000;11415.4;88.6772;7277.97;12848.8
P171710401;9000;7256.22;52.6308;8486.81;7310.11
P173710301;11000;9516.66;68.9016;8717.25;9307.58
P172717701;1000;3315.6;6.804;7458.25;4543.22
P174717701;4000;9369;19.296;11637.6;5827.35
P179717701;2000;6631.2;13.608;10411.1;4489.16
P200716103;5200;3763.99;30.6372;6917.49;5608.69
P207716103;5200;3576.49;28.0488;6829.53;5521.57
P170700401;1910;1814.84;9.20238;5846.61;4881.57
P173700401;11460;12885.4;61.2995;10400;10756.1
P177700401;14570;18407.7;87.4971;8608.93;18322.2
Q229733303_1;4000;2433.62;19.5637;6253.21;5036.36
P229733303;14000;11435.5;88.6772;7084;13090.2
Q208733303_1;5000;3219.28;26.0497;6619.76;5403.73
P208733303;14000;11185;86.5505;7254.49;12645.1
P170716103;6400;3447.37;26.5848;6578.43;5678.99
P180730705;2600;994.832;9.2021;5006.42;5020.34
Q215733303_1;4000;3026.64;23.8172;6602.67;5230.6
P215733303;14000;11374.5;88.6772;7153.18;12950.3
P214716103;5600;2312.51;23.4192;5968.53;5240.11
P221716103;4400;1736.87;18.0132;5559.86;5130.81
P171744701;10000;13293.1;62.9868;10480.8;11071.5
P172710701;3000;1959.34;15.2316;5907.99;4956.03
P174717401;2000;1329.52;3.8868;5344.87;4968.8
P177717401;4000;5176.19;12.6156;8799.98;4872.7
P178744701;9000;10985.8;51.6228;10182.6;9104.51
P178710401;8000;6632.97;48.1128;8367.13;6823.43
P180710301;4000;3034.95;22.0128;6774.44;5042.9
P230717401;2000;1569.02;5.2728;5586.93;4932.08
P233717401;3000;3421.97;6.2268;7370.52;4749.7
P170717601;1600;305.088;2.2164;4405.98;5015.78
P177717601;2600;1358.5;7.9008;5355.79;4985.33
P170714601;7800;3401.93;33.5592;6336.97;5909.09
P172731801;3600;5481.39;20.2416;8870.98;5096.89
P178710101;3000;1663.9;11.6988;5590.13;5023.3
P216717401;2000;1144.32;2.7708;5157.69;4997.2
P219717401;2000;1754.22;6.3888;5816.37;4855.46
P202730701;6200;2640.58;23.2445;6126.69;5387.69
P200731801;4600;4983.84;17.9676;8301.44;5249.26
P173744703;14200;17818.2;83.3472;9884.52;16277.1
Q184730111_1;13200;8028.68;82.0908;7036.87;9737.16
P184730111;14400;8894.21;94.5216;6217.57;11537.6
Q206730507_1;8188;5424.39;45.6488;7453.68;6657.22
P206730507;14800;11816;99.702;6653.32;13962.2
P174716101;2000;685.2;6.2736;4791.18;4956.32
P188730701;6300;2357.39;21.1178;5871.61;5395.59
P170714201;2010;1050.02;8.90436;5139.97;4923.13
P221731801;4200;4278.64;15.6264;7813.58;5100.78
P180744703;5000;6100.51;28.5624;8986.07;5584.67
P223717401;3000;2473.84;6.6576;6268.02;5059.68
P174730109;4600;2645.32;21.2976;6338.5;5150.74
P195717401;1000;185.2;1.17;4294.38;5023.24
P198717401;2000;2528.14;6.8736;6584.15;4753.23
P202717401;1000;185.2;1.17;4294.38;5023.24
P205717401;3000;3457.57;6.6576;7402.41;4748.91
P206730801;14400;3819.15;47.817;5256.89;7558.84
Q208730801_1;10000;2539.85;31.1922;5397.76;6118.77
P208730801;14400;4020.16;50.274;5159.92;7870.49
P228731801;4200;4403.41;16.7676;7893.05;5134.86
Q192730507_1;9776;5948.24;51.2938;7435.64;7201.66
P192730507;14200;11641.5;97.6392;7245.76;13111.6
Q227730507_1;8188;5314.09;45.0944;7405.44;6601.97
P227730507;14800;11995;101.102;6457.71;14364.4
Q220730507_1;9376;5508.28;51.7222;7527.06;6657.37
P220730507;14800;12235.7;98.2728;6735.4;14288.2
Q185730507_1;9776;6025.9;52.0102;7415;7302.87
P185730507;14200;11641.5;97.6392;7245.76;13111.6
Q213730507_1;8776;6027.09;51.3082;7625.97;7063.31
P213730507;14800;11995;101.102;6457.71;14364.4
Q199730507_1;9376;6078.83;54.5338;7577.17;7170.74
P199730507;14800;11943.2;97.8768;6648.7;14094.7
P188715003;2000;2315.45;9.8076;6398.52;4752.37
P191715001;2000;1870.71;11.3318;5935.82;4835.64
P209717401;1000;406;2.7168;4517.54;4989.38
P212717401;2000;2253.04;5.0568;6337.7;4759.36
P205716101;1000;803.4;5.478;4919.19;4928.44
P222713501;7800;12658.7;26.0232;11401.3;9386.74
P177714601;4200;2453.39;22.6752;6211.04;5104.25
P173713501;10800;21185.7;43.398;11229.5;18109.9
P180713501;7800;10512.7;21.5952;11040;7653.01
P187713501;8200;13133.9;27.1236;10741.6;10614.7
P194713501;8200;13049.1;26.8296;10838.2;10419.7
P201713501;10000;13133.9;27.0696;8872.55;12747.6
P208713501;8200;13159.7;26.9832;10176.6;11285.4
P215713501;8200;14110.1;29.0436;11078.6;11206.5
P229713501;9400;14110.1;29.022;10552.9;11806.4
P186731801;4000;3234.43;12.3612;6980.61;5007.1
P214731801;4000;3995.34;15.0156;7580.1;5083.91
P230715003;2000;1871.44;10.53;5925.32;4848.35
P233715001;3000;2509.21;16.631;6455.5;4881.1
P174715003;3000;3240.48;20.352;7089;4889.47
P177715001;4570;4118.98;29.1183;7478.26;5323.77
P195715003;2000;1445.78;7.0152;5543.99;4857.83
P198715001;2570;2119.46;14.655;6106.11;4890.07
P178737001;3000;6265.9;10.944;9715.51;4917.67
P179737003;10800;16822.4;18.774;10617.6;14444.8
P171737001;13000;23594.5;37.278;10369;21500.5
P188717401;1000;185.2;1.17;4294.38;5023.24
P191717401;2000;2438.24;6.1728;6503.61;4755.24
Q173716401_1;1200;145.4;0.4308;4252.49;5031.25
P173716401;3600;2155.76;11.118;5958.17;5095.18
P207731801;3600;3289.89;12.0624;7059.85;4972.15
P171719903;2000;3332.62;6.6036;7262.86;4783.21
P177714201;2000;1193.44;9.582;5279.89;4906.88
P179731801;2600;2674.35;9.5328;6605.84;4874.68
P171730701;3600;1870.26;17.4744;5774.44;5019.34
P178730701;4200;1429;13.1832;5360.87;5050.02
Q199730801_1;9800;2814.11;35.1918;5529.3;6242.93
P199730801;14600;3770.22;47.0322;5124.73;7660.71
P201730801;14400;4020.16;50.274;5159.92;7870.49
P223715003;1000;1082.5;4.6308;5201.28;4885.64
P226715001;2570;1786.68;12.7329;5805.19;4900.68
P202715003;2000;1721;9.93;5773.27;4871.42
P205715001;2570;2119.46;14.655;6106.11;4890.07
P216715003;1000;807.28;1.716;4923.11;4927.85
P219715001;1000;842.471;4.11056;4968.97;4910.71
P184710905;2200;3113.25;0.52635;7110.88;4737.27
P185710905;8800;11391;1.92995;10810.9;8792.78
P219710905;3300;6153.75;1.0527;9532.35;5014.53
P220710905;7700;11318.2;1.92995;11140.3;8344.14
P212710905;3300;5091.75;0.87725;8724.24;4874.7
P213710905;8800;12234.8;2.1054;11396;8968.86
P198716101;1000;195.83;3.0708;4305.13;5021.61
P206730701;2000;785.926;7.7952;4860.88;4977.51
P193731801;3200;3629.61;13.0068;7370.92;4956.89
P230716101;1000;541.4;4.092;4654.39;4968.62
P191710905;3300;5310;0.87725;8906.8;4884.61
P192710905;9900;12525.8;2.1054;10129.8;10704.7
P192710401;10000;8413.28;61.0356;8627.85;8306.22
P227710401;12000;10756.6;77.9916;8487.82;10809.3
P185710401;10000;8506.06;61.7208;8590.77;8441.31
P213710401;8000;6698.11;48.5436;8469.56;6771.69
P206710401;12000;10289.6;74.5896;8423.79;10415.4
P220710401;9000;7723.25;56.0328;8690.82;7544.34
P199710401;12000;9750.86;70.8108;8508.33;9780.19
P192730701;2000;713.646;6.6444;4801.54;4972.95
P185730701;1600;578.678;5.8092;4678.08;4978.86
Q213730801_1;8400;2412.1;30.1644;5520.07;5851.46
P213730801;14400;4020.16;50.274;5159.92;7870.49
P215730801;14400;4020.16;50.274;5159.92;7870.49
P185730801;14400;4020.16;50.274;5159.92;7870.49
Q187730801_1;8400;2211.09;27.7074;5483.13;5692.6
P187730801;14400;4020.16;50.274;5159.92;7870.49
P220730801;14400;4020.16;50.274;5159.92;7870.49
Q222730801_1;8400;2211.09;27.7074;5483.13;5692.6
P222730801;14400;4020.16;50.274;5159.92;7870.49
Q227730801_1;8400;2412.1;30.1644;5520.07;5851.46
P227730801;14400;4020.16;50.274;5159.92;7870.49
P229730801;14400;4020.16;50.274;5159.92;7870.49
P226710905;3300;6299.25;1.0527;9650.99;5024.64
P227710905;8800;12744;2.1054;10876.7;10070.7
P198710905;4400;7290.6;1.22815;10280.7;5297.39
P199710905;8800;13806;2.28085;10870.6;11139.7
P177710905;9900;13806;2.28085;10602.2;11445.9
P178710905;14300;26550;4.38625;11468.2;23201.7
P170710905;9900;13806;2.28085;10468;11599
P171710905;14300;26550;4.38625;11468.2;23201.7
Q192730801_1;8400;2211.09;27.7074;5483.13;5692.6
P192730801;14400;4020.16;50.274;5159.92;7870.49
P194730801;14400;4020.16;50.274;5159.92;7870.49
P174706801;6000;9525.5;36.306;11263.8;6410.49
P172707401;1000;230.4;1.7232;4340.06;5016.31
P173733101;2000;2588.07;6.09834;6587.25;4809.62
P177708701;2400;297.398;2.988;4401.39;5013.33
P171704001;2000;1041.6;8.496;5117.63;4940.2
P173700001;2000;1414.95;6.2184;5519.14;4855.37
P209715003;2000;2102.62;8.0772;6207.85;4757.11
P206719903;1000;1541.52;3.1476;5665.2;4815.26
P195730701;2600;576.204;5.7012;4648.09;5010.61
P220730701;1600;631.4;6.0216;4731.37;4970.77
P208736301;6000;2205.65;33.84;5703.13;5436.11
P187736301;14000;5146.51;78.96;5466.69;8646.78
P229736301;12000;4043.69;62.04;5850.9;7105.52
P205710905;3300;6372;1.0527;9705.72;5034.94
P206710905;9900;13806;2.28085;11138.9;10833.5
P194736301;12000;4043.69;62.04;5850.9;7105.52
P223716101;1000;119.6;1.7508;4228.08;5033.3
P173736301;8000;2940.86;45.12;5897.34;5949.7
P201736301;8000;2940.86;45.12;5897.34;5949.7
P222736301;10000;3308.47;50.76;5910.01;6302.85
P215736301;10000;3676.08;56.4;5922.67;6656.01
P178719001;2000;86.13;1.1556;4191.99;5041.02
P209730701;1600;551.824;5.2704;4645.91;4988.72
P184715001;1000;722.524;3.91894;4844.78;4932.48
P213730701;2600;721.92;6.5388;4792.6;4991.42
P199719903;1000;1348.92;2.7168;5470.54;4844.79
P227730701;1600;527.15;4.7532;4626.01;4986.76
P170715001;1570;1565;8.02951;5650.82;4855.15
P213719903;1000;1349.7;2.7168;5471.33;4844.67
P171719001;2000;132.61;1.1556;4238.82;5034.06
P185719903;1000;904.8;2.0316;5021.68;4912.89
P172717401;2000;1272.3;8.3664;5350.56;4905.09
P170717401;3000;3176.56;6.2268;7122.49;4787.33
P199730701;1600;355.864;3.5592;4459.86;5005.06
P184717401;2000;2442.41;6.1728;6507.35;4755.14
P186717401;1000;681.1;4.5336;4795.58;4947.2
P227719903;1000;907.52;2.0316;5024.42;4912.48
P170730117;2600;1432.51;11.5416;5448.64;4953.38
P214716101;1000;195.83;3.0708;4305.12;5021.61
P170716101;1000;195.83;3.0708;4305.12;5021.61
P179716101;1000;433.63;4.026;4545.47;4985.14
P207717401;1000;645.5;4.1028;4759.6;4952.66
P223733301;5700;3542.08;32.661;6885.73;5423.02
P216737003;7000;10656.4;12.042;11149.2;7672.14
P228733303;3800;1771.04;16.3818;5728.35;4972.72
P221733303;3800;1593.94;14.7744;5597.15;4945.33
P207733303;3800;1771.04;16.3818;5728.35;4972.72
P216733301;5700;3364.98;31.0536;6793.18;5351.53
P214733303;3800;1771.04;16.3818;5728.35;4972.72
P209733301;5700;3542.08;32.661;6885.73;5423.02
P180710905;3300;6299.25;1.0527;9650.99;5024.64
P172733303;5700;3187.87;29.4462;6700.63;5280.04
P174733301;9500;7084.16;65.322;7809.2;7911.3
P179733303;7600;4958.91;45.7254;7471.54;6171.36
P186733303;3800;1771.04;16.3818;5728.35;4972.72
P188733301;5700;3364.98;31.0536;6793.18;5351.53
P193733303;3800;1593.94;14.7744;5597.15;4945.33
P172707703;1000;480.4;3.6636;4592.74;4977.97
P178719903;1000;772.12;1.6008;4887.58;4933.24
P192719903;1000;769.4;1.6008;4884.83;4933.66
P195733301;5700;3542.08;32.661;6885.73;5423.02
P230733301;5700;3542.08;32.661;6885.73;5423.02
P178704001;1000;530.1;3.8292;4642.97;4970.35
P200733303;3800;1771.04;16.3818;5728.35;4972.72
P170708701;1200;362.8;3.3048;4469.71;5000.76
P202733301;5700;3542.08;32.661;6885.73;5423.02
P187710905;11000;13587.8;2.28085;8934.6;13130.6
P194710905;7700;11463.8;1.92995;10691;9002.35
P208710905;9900;12598.5;2.1054;9267.46;11761.6
P215710905;6600;10183.5;1.7545;10939.1;7438.96
P222710905;8800;11318.2;1.92995;10054.1;9583.69
P174705701;2000;978.102;11.3148;5046.28;4958.12
P188705701;2000;759.78;8.8632;4837.99;4977.48
P195705701;2000;652.068;7.5432;4741.5;4979.88
P202705701;2000;762.678;8.6748;4853.29;4962.92
P209705701;2000;652.068;7.5432;4741.5;4979.88
P216705701;2000;759.78;8.8632;4837.99;4977.48
P223705701;2000;762.678;8.6748;4853.29;4962.92
P230705701;2000;652.068;7.5432;4741.5;4979.88
P193717401;1000;441.6;3.1476;4553.52;4983.92
P214716105;1000;176.46;0.8616;4285.55;5024.58
P207716105;1000;255.66;1.2924;4365.59;5012.43
P200716105;1000;176.46;0.8616;4285.55;5024.58
P193716105;1000;176.46;0.8616;4285.55;5024.58
P216730701;1600;784;6.9696;4872.57;4962.24
P223730701;1600;392;3.4848;4489.89;5006.94
P186716105;1000;255.66;1.2924;4365.59;5012.43
P172716105;1000;352.92;1.7232;4463.89;4997.52
P230737003;7800;11521.6;12.942;10604.6;9158.74
P228737003;3000;7086;7.902;10641.3;4681.33
P223737003;7000;10656.4;12.042;11347.9;7445.35
P221737003;3000;7086;7.902;10641.3;4681.33
P194733101;1000;1231.4;2.178;5351.77;4862.81
P215733101;1000;1231.4;2.178;5351.77;4862.81
P179717401;2000;812;5.4336;4906.61;4951.4
P230730701;1600;392;3.4848;4489.89;5006.94
P200717401;1000;591.2;3.8328;4704.72;4960.98
P214717401;1000;406;2.7168;4517.54;4989.38
P221717401;1000;406;2.7168;4517.54;4989.38
P228717401;1000;406;2.7168;4517.54;4989.38
P174737003;10800;17742.4;19.89;11014;14912.4
P186737003;3000;7086;7.902;10641.3;4681.33
P188737003;7000;10656.4;11.988;11254.9;7551.56
P193737003;3000;7086;7.902;10641.3;4681.33
P195737003;6000;9736.4;10.818;11462.1;6395.02
P200737003;3000;7086;7.902;10641.3;4681.33
P202737003;8000;10656.4;12.042;10726.5;8154.44
P207737003;3000;7086;7.902;10641.3;4681.33
P209737003;8000;11521.6;12.942;11097.8;8595.93
P214737003;3000;7086;7.902;10641.3;4681.33
P233731301;6400;3196.68;35.6832;6540.84;5471.2
P221716105;1000;255.66;1.2924;4365.59;5012.43
P228716105;1000;176.46;0.8616;4285.55;5024.58
P212715001;570;593.72;0.787387;4721.93;4943.87
P185733101;1605;251.232;2.80434;4352.39;5023.07
P230717001;4800;2703;27.216;6348.6;5196.88
P184716101;1000;45.2;0.4308;4152.88;5044.71
P180733101;1000;181.3;0.4308;4290.44;5023.84
P171733101;1605;251.232;2.80434;4352.39;5023.07
P186716101;1000;74.4;1.32;4182.4;5040.23
P227736301;8000;2940.86;45.12;5897.34;5949.7
P188716101;1000;142;1.386;4250.72;5029.86
P220736301;8000;2573.26;39.48;5800.23;5692.9
P193716101;1000;74.4;1.32;4182.4;5040.23
P179707401;1000;56.25;0.4308;4164.05;5043.01
P174717001;6400;4144.6;41.76;7060.55;5826.05
P188717001;4800;2703;27.216;6348.6;5196.88
P195717001;4800;2522.8;25.4304;6238.91;5141.86
P202717001;4800;2883.2;29.088;6458.29;5251.91
P209717001;4800;2703;27.216;6348.6;5196.88
P216717001;4800;2522.8;25.4304;6238.91;5141.86
P223717001;4800;2703;27.216;6348.6;5196.88
P199736301;6000;2205.65;33.84;5703.13;5436.11
P214715003;1000;212.832;1.7844;4322.31;5019
P173710905;14300;26550;4.38625;11468.2;23201.7
P192736301;6000;2205.65;33.84;5703.13;5436.11
P180716401;1200;290.8;0.8616;4397.77;5010.86
P172715003;5000;3830.98;31.6332;7196.93;5356.8
P179715003;4000;2766.82;22.8732;6536.94;5045.78
P186715003;1000;851.328;7.0296;4967.63;4921.09
P193715003;1000;851.328;7.0296;4967.63;4921.09
P200715003;3000;1915.49;15.8436;5896.51;4925.28
P207715003;2000;1702.66;14.0592;5730.29;4902.13
P172716101;1000;74.4;1.32;4182.4;5040.23
P221715003;1000;212.832;1.7844;4322.31;5019
P228715003;2000;1702.66;14.0592;5730.29;4902.13
P233710905;3300;6372;1.0527;9705.72;5034.94
P229710905;8800;13806;2.28085;11138.9;10833.5
P185736301;8000;2940.86;45.12;5897.34;5949.7
P222733101;1000;1105.44;1.116;5224.46;4882.13
P180736301;6000;1838.04;28.2;5521.58;5275.67
P201733101;1605;251.232;2.80434;4352.39;5023.07
P202716107;370;712.5;1.036;4853.1;4912.97
P171736301;6000;2205.65;33.84;5703.13;5436.11
P179710701;1000;52.95;0.5052;4160.72;5043.52
P220719903;1000;135.4;0.4308;4244.05;5030.88
P223706101;1000;427.5;1.386;4539.27;4986.08
P216706101;1000;427.5;1.386;4539.27;4986.08
P180700001;1000;191.8;0.8616;4301.05;5022.23
P174716107;1400;855;1.2432;4993.85;4894.85
P188716107;370;712.5;1.036;4853.1;4912.97
P195716107;370;712.5;1.036;4853.1;4912.97
P178736301;8000;2573.26;39.48;5800.23;5692.9
P209716107;370;712.5;1.036;4853.1;4912.97
P216716107;370;712.5;1.036;4853.1;4912.97
P223716107;370;570;0.8288;4703.92;4940.7
P230716107;370;712.5;1.036;4853.1;4912.97
P209706101;1000;427.5;1.386;4539.27;4986.08
P195706101;1000;427.5;1.386;4539.27;4986.08
P213736301;6000;1838.04;28.2;5521.58;5275.67
P188706101;1000;427.5;1.386;4539.27;4986.08
P174706101;1000;855;2.772;4971.34;4920.53
P200708001;7000;10840.3;14.022;10939.3;8095.59
P201710905;8800;12744;2.1054;10608.3;10376.9
P179707703;1000;213.6;1.6524;4323.08;5018.88
P173734501;1000;379;2.754;4490.25;4993.52
P180734501;1000;75.8;0.5508;4183.81;5040.01
P173703101;1000;226.416;1.47;4336.04;5016.92
Q172708001_1;2000;3387.6;4.392;7453.21;4620.97
P172708001;8000;14227.9;18.414;11305;11065.8
P179708001;6000;10162.8;13.122;11266.1;7045.13
P186708001;7000;10840.3;14.022;11484;7474.02
P193708001;6000;10162.8;13.122;11499.5;6778.74
P173730907;1000;28.38;0.4308;4135.88;5047.29
P207708001;5000;10162.8;13.122;11421.7;6867.53
P214708001;6000;10162.8;13.122;11343.9;6956.33
P221708001;7000;10840.3;14.022;10783.6;8273.19
P228708001;6000;10162.8;13.122;11343.9;6956.33
P179716105;1000;79.2;0.4308;4187.25;5039.49
P209716101;1000;74.4;1.32;4182.4;5040.23
P206736301;4000;1470.43;22.56;5340.03;5115.23
P221716101;1000;74.4;1.32;4182.4;5040.23
