Item ident;Id truck;Id stack;Item code;X origin;Y origin; Z origin; X extremity; Y extremity; Z extremity
0091017300_08062023000071;P236654305;P236654305_1;A1;0;0;0 ;1010 ;1206 ;861
0091017300_08062023000071;P236654305;P236654305_1;A2;0;0;861 ;1010 ;1206 ;1722
0091017300_08062023000071;P236654305;P236654305_1;A3;0;0;1722 ;1010 ;1206 ;2583
0091017300_08062023000114;P236654305;P236654305_2;B1;0;1234;0 ;1010 ;2440 ;861
0091017300_08062023000071;P236654305;P236654305_2;B2;0;1234;861 ;1010 ;2440 ;1722
0091017300_08062023000114;P236654305;P236654305_2;B3;0;1234;1722 ;1010 ;2440 ;2583
0091017300_08062023000114;P236654305;P236654305_3;C1;1010;1234;0 ;2020 ;2440 ;861
0091017300_08062023000114;P236654305;P236654305_3;C2;1010;1234;861 ;2020 ;2440 ;1722
0091017300_08062023000045;P236654305;P236654305_3;C3;1010;1234;1722 ;2020 ;2440 ;2306
0091017300_08062023000203;P236654305;P236654305_3;C4;1010;1234;2306 ;2020 ;2440 ;2890
0091017300_08062023000204;P236654305;P236654305_4;D1;1010;0;0 ;2020 ;1206 ;385
0091017300_08062023000182;P236654305;P236654305_4;D2;1010;0;385 ;2020 ;1206 ;1566
0091017300_08062023000204;P236654305;P236654305_4;D3;1010;0;1566 ;2020 ;1206 ;1951
0091017300_08062023000204;P236654305;P236654305_4;D4;1010;0;1951 ;2020 ;1206 ;2336
0091017300_08062023000204;P236654305;P236654305_4;D5;1010;0;2336 ;2020 ;1206 ;2721
0091017300_08062023000059;P236654305;P236654305_5;E1;2020;0;0 ;3030 ;1206 ;385
0091017300_08062023000059;P236654305;P236654305_5;E2;2020;0;385 ;3030 ;1206 ;770
0091017300_08062023000059;P236654305;P236654305_5;E3;2020;0;770 ;3030 ;1206 ;1155
0091017300_08062023000059;P236654305;P236654305_5;E4;2020;0;1155 ;3030 ;1206 ;1540
0091017300_08062023000054;P236654305;P236654305_5;E5;2020;0;1540 ;3030 ;1206 ;2721
0091017300_08062023000009;P236654305;P236654305_6;F1;2020;1234;0 ;3030 ;2440 ;1085
0091017300_08062023000054;P236654305;P236654305_6;F2;2020;1234;1085 ;3030 ;2440 ;2266
0091017300_08062023000158;P236654305;P236654305_7;G1;3030;1234;0 ;4040 ;2440 ;861
0091017300_08062023000009;P236654305;P236654305_7;G2;3030;1234;861 ;4040 ;2440 ;1946
0091017300_08062023000158;P236654305;P236654305_7;G3;3030;1234;1946 ;4040 ;2440 ;2807
0091017300_08062023000200;P236654305;P236654305_8;H1;3030;0;0 ;4040 ;1206 ;861
0091017300_08062023000200;P236654305;P236654305_8;H2;3030;0;861 ;4040 ;1206 ;1722
0091017300_08062023000029;P236654305;P236654305_9;I1;4040;0;0 ;5040 ;1200 ;1450
0091017300_08062023000029;P236654305;P236654305_9;I2;4040;0;1450 ;5040 ;1200 ;2855
0091017300_08062023000209;P236654305;P236654305_10;J1;4040;1240;0 ;5040 ;2440 ;1450
0091017300_08062023000209;P236654305;P236654305_10;J2;4040;1240;1450 ;5040 ;2440 ;2855
0091017300_08062023000202;P236654305;P236654305_11;K1;5040;1240;0 ;6040 ;2440 ;1450
0091017300_08062023000202;P236654305;P236654305_11;K2;5040;1240;1450 ;6040 ;2440 ;2855
0091017300_08062023000202;P236654305;P236654305_12;L1;5040;0;0 ;6040 ;1200 ;1450
0091017300_08062023000202;P236654305;P236654305_12;L2;5040;0;1450 ;6040 ;1200 ;2855
0091017300_08062023000202;P236654305;P236654305_13;M1;6040;0;0 ;7040 ;1200 ;1450
0091017300_08062023000202;P236654305;P236654305_13;M2;6040;0;1450 ;7040 ;1200 ;2855
0091017300_08062023000202;P236654305;P236654305_14;N1;6040;1240;0 ;7040 ;2440 ;1450
0091017300_08062023000202;P236654305;P236654305_14;N2;6040;1240;1450 ;7040 ;2440 ;2855
0091017300_08062023000202;P236654305;P236654305_15;O1;7040;1240;0 ;8040 ;2440 ;1450
0091017300_08062023000202;P236654305;P236654305_15;O2;7040;1240;1450 ;8040 ;2440 ;2855
0091017300_08062023000202;P236654305;P236654305_16;P1;7040;0;0 ;8040 ;1200 ;1450
0091017300_08062023000202;P236654305;P236654305_16;P2;7040;0;1450 ;8040 ;1200 ;2855
0091017300_08062023000195;P236654305;P236654305_17;Q1;8040;0;0 ;9040 ;1200 ;1450
0091017300_08062023000195;P236654305;P236654305_17;Q2;8040;0;1450 ;9040 ;1200 ;2855
0091017300_08062023000195;P236654305;P236654305_18;R1;8040;1240;0 ;9040 ;2440 ;1450
0091017300_08062023000195;P236654305;P236654305_18;R2;8040;1240;1450 ;9040 ;2440 ;2855
0091017300_08062023000195;P236654305;P236654305_19;S1;9040;1240;0 ;10040 ;2440 ;1450
0091017300_08062023000195;P236654305;P236654305_19;S2;9040;1240;1450 ;10040 ;2440 ;2855
0091017300_08062023000195;P236654305;P236654305_20;T1;9040;0;0 ;10040 ;1200 ;1450
0091017300_08062023000195;P236654305;P236654305_20;T2;9040;0;1450 ;10040 ;1200 ;2855
0091017300_08062023000195;P236654305;P236654305_21;U1;10040;0;0 ;11040 ;1200 ;1450
0091017300_08062023000195;P236654305;P236654305_21;U2;10040;0;1450 ;11040 ;1200 ;2855
0091017300_08062023000195;P236654305;P236654305_22;V1;10040;1240;0 ;11040 ;2440 ;1450
0091017300_08062023000195;P236654305;P236654305_22;V2;10040;1240;1450 ;11040 ;2440 ;2855
0091017300_08062023000195;P236654305;P236654305_23;W1;11040;1240;0 ;12040 ;2440 ;1450
0091017300_08062023000195;P236654305;P236654305_23;W2;11040;1240;1450 ;12040 ;2440 ;2855
0091017300_08062023000153;P236654305;P236654305_24;X1;11040;0;0 ;12040 ;1200 ;1450
0091017300_08062023000195;P236654305;P236654305_24;X2;11040;0;1450 ;12040 ;1200 ;2855
0091017300_08062023000024;Q236654305_1;Q236654305_1_1;A1;0;0;0 ;1000 ;1200 ;1450
0091017300_08062023000153;Q236654305_1;Q236654305_1_1;A2;0;0;1450 ;1000 ;1200 ;2855
0091017300_08062023000024;Q236654305_1;Q236654305_1_2;B1;0;1240;0 ;1000 ;2440 ;1450
0091017300_08062023000024;Q236654305_1;Q236654305_1_2;B2;0;1240;1450 ;1000 ;2440 ;2855
0091017300_08062023000023;P208654305;P208654305_1;A1;0;1234;0 ;1010 ;2440 ;385
0091017300_08062023000023;P208654305;P208654305_1;A2;0;1234;385 ;1010 ;2440 ;770
0091017300_08062023000023;P208654305;P208654305_1;A3;0;1234;770 ;1010 ;2440 ;1155
0091017300_08062023000001;P208654305;P208654305_1;A4;0;1234;1155 ;1010 ;2440 ;1540
0091017300_08062023000173;P208654305;P208654305_1;A5;0;1234;1540 ;1010 ;2440 ;2124
0091017300_08062023000079;P208654305;P208654305_2;B1;0;0;0 ;1010 ;1206 ;1181
0091017300_08062023000079;P208654305;P208654305_2;B2;0;0;1181 ;1010 ;1206 ;2362
0091017300_08062023000118;P208654305;P208654305_3;C1;1010;0;0 ;2020 ;1206 ;861
0091017300_08062023000118;P208654305;P208654305_3;C2;1010;0;861 ;2020 ;1206 ;1722
0091017300_08062023000118;P208654305;P208654305_3;C3;1010;0;1722 ;2020 ;1206 ;2583
0091017300_08062023000160;P208654305;P208654305_4;D1;1010;1234;0 ;2020 ;2440 ;861
0091017300_08062023000160;P208654305;P208654305_4;D2;1010;1234;861 ;2020 ;2440 ;1722
0091017300_08062023000160;P208654305;P208654305_4;D3;1010;1234;1722 ;2020 ;2440 ;2583
0091017300_08062023000144;P208654305;P208654305_5;E1;2020;1234;0 ;3030 ;2440 ;861
0091017300_08062023000144;P208654305;P208654305_5;E2;2020;1234;861 ;3030 ;2440 ;1722
0091017300_08062023000076;P208654305;P208654305_6;F1;2020;0;0 ;3030 ;1206 ;861
0091017300_08062023000180;P208654305;P208654305_6;F2;2020;0;861 ;3030 ;1206 ;2042
0091017300_08062023000105;P208654305;P208654305_7;G1;3030;0;0 ;4040 ;1206 ;1085
0091017300_08062023000076;P208654305;P208654305_7;G2;3030;0;1085 ;4040 ;1206 ;1946
0091017300_08062023000080;P208654305;P208654305_8;H1;3030;1240;0 ;4030 ;2440 ;1450
0091017300_08062023000080;P208654305;P208654305_8;H2;3030;1240;1450 ;4030 ;2440 ;2855
0091017300_08062023000094;P208654305;P208654305_9;I1;4030;1240;0 ;5030 ;2440 ;1450
0091017300_08062023000094;P208654305;P208654305_9;I2;4030;1240;1450 ;5030 ;2440 ;2855
0091017300_08062023000094;P208654305;P208654305_10;J1;4040;0;0 ;5040 ;1200 ;1450
0091017300_08062023000094;P208654305;P208654305_10;J2;4040;0;1450 ;5040 ;1200 ;2855
0091017300_08062023000094;P208654305;P208654305_11;K1;5030;1240;0 ;6030 ;2440 ;1450
0091017300_08062023000094;P208654305;P208654305_11;K2;5030;1240;1450 ;6030 ;2440 ;2855
0091017300_08062023000094;P208654305;P208654305_12;L1;5040;0;0 ;6040 ;1200 ;1450
0091017300_08062023000094;P208654305;P208654305_12;L2;5040;0;1450 ;6040 ;1200 ;2855
0091017300_08062023000104;P208654305;P208654305_13;M1;6030;1240;0 ;7030 ;2440 ;1450
0091017300_08062023000094;P208654305;P208654305_13;M2;6030;1240;1450 ;7030 ;2440 ;2855
0091017300_08062023000104;P208654305;P208654305_14;N1;6040;0;0 ;7040 ;1200 ;1450
0091017300_08062023000104;P208654305;P208654305_14;N2;6040;0;1450 ;7040 ;1200 ;2855
0091017300_08062023000104;P208654305;P208654305_15;O1;7030;1240;0 ;8030 ;2440 ;1450
0091017300_08062023000104;P208654305;P208654305_15;O2;7030;1240;1450 ;8030 ;2440 ;2855
0091017300_08062023000104;P208654305;P208654305_16;P1;7040;0;0 ;8040 ;1200 ;1450
0091017300_08062023000104;P208654305;P208654305_16;P2;7040;0;1450 ;8040 ;1200 ;2855
0091017300_08062023000027;P208654305;P208654305_17;Q1;8030;1240;0 ;9030 ;2440 ;1450
0091017300_08062023000027;P208654305;P208654305_17;Q2;8030;1240;1450 ;9030 ;2440 ;2855
0091017300_08062023000154;P208654305;P208654305_18;R1;8040;0;0 ;9040 ;1200 ;1450
0091017300_08062023000027;P208654305;P208654305_18;R2;8040;0;1450 ;9040 ;1200 ;2855
0091017300_08062023000042;P208654305;P208654305_19;S1;9030;1240;0 ;10030 ;2440 ;1450
0091017300_08062023000042;P208654305;P208654305_19;S2;9030;1240;1450 ;10030 ;2440 ;2855
0091017300_08062023000198;P205654301;P205654301_1;A1;0;620;0 ;1000 ;1820 ;1450
0091017300_08062023000137;P205654301;P205654301_2;B1;1000;620;0 ;2000 ;1820 ;1450
0091017300_08062023000137;P205654301;P205654301_2;B2;1000;620;1450 ;2000 ;1820 ;2855
0091017300_08062023000143;P205654301;P205654301_3;C1;2000;1240;0 ;3000 ;2440 ;1450
0091017300_08062023000130;P205654301;P205654301_3;C2;2000;1240;1450 ;3000 ;2440 ;2855
0091017300_08062023000066;P205654301;P205654301_4;D1;2000;20;0 ;3000 ;1220 ;1450
0091017300_08062023000066;P205654301;P205654301_4;D2;2000;20;1450 ;3000 ;1220 ;2855
0091017300_08062023000077;P205654301;P205654301_5;E1;3000;1240;0 ;4000 ;2440 ;1450
0091017300_08062023000066;P205654301;P205654301_5;E2;3000;1240;1450 ;4000 ;2440 ;2855
0091017300_08062023000193;P205654301;P205654301_6;F1;3000;0;0 ;4000 ;1200 ;1450
0091017300_08062023000211;P205654301;P205654301_6;F2;3000;0;1450 ;4000 ;1200 ;2855
0091017300_08062023000193;P205654301;P205654301_7;G1;4000;620;0 ;5000 ;1820 ;1450
0091017300_08062023000193;P205654301;P205654301_7;G2;4000;620;1450 ;5000 ;1820 ;2855
0091017300_08062023000205;P205654301;P205654301_8;H1;5000;620;0 ;6000 ;1820 ;1450
0091017300_08062023000205;P205654301;P205654301_8;H2;5000;620;1450 ;6000 ;1820 ;2855
0091017300_08062023000022;P205654301;P205654301_9;I1;6000;1240;0 ;7000 ;2440 ;1450
0091017300_08062023000030;P205654301;P205654301_9;I2;6000;1240;1450 ;7000 ;2440 ;2855
0091017300_08062023000033;P201654305;P201654305_1;A1;0;0;0 ;1010 ;1206 ;1181
0091017300_08062023000033;P201654305;P201654305_1;A2;0;0;1181 ;1010 ;1206 ;2362
0091017300_08062023000063;P201654305;P201654305_1;A3;0;0;2362 ;1010 ;1206 ;2747
0091017300_08062023000047;P201654305;P201654305_2;B1;0;1234;0 ;1010 ;2440 ;1181
0091017300_08062023000047;P201654305;P201654305_2;B2;0;1234;1181 ;1010 ;2440 ;2362
0091017300_08062023000063;P201654305;P201654305_2;B3;0;1234;2362 ;1010 ;2440 ;2747
0091017300_08062023000191;P201654305;P201654305_3;C1;1010;1234;0 ;2020 ;2440 ;861
0091017300_08062023000191;P201654305;P201654305_3;C2;1010;1234;861 ;2020 ;2440 ;1722
0091017300_08062023000191;P201654305;P201654305_3;C3;1010;1234;1722 ;2020 ;2440 ;2583
0091017300_08062023000191;P201654305;P201654305_4;D1;1010;0;0 ;2020 ;1206 ;861
0091017300_08062023000191;P201654305;P201654305_4;D2;1010;0;861 ;2020 ;1206 ;1722
0091017300_08062023000135;P201654305;P201654305_4;D3;1010;0;1722 ;2020 ;1206 ;2583
0091017300_08062023000135;P201654305;P201654305_5;E1;2020;0;0 ;3030 ;1206 ;861
0091017300_08062023000135;P201654305;P201654305_5;E2;2020;0;861 ;3030 ;1206 ;1722
0091017300_08062023000008;P201654305;P201654305_5;E3;2020;0;1722 ;3030 ;1206 ;2583
0091017300_08062023000008;P201654305;P201654305_6;F1;2020;1234;0 ;3030 ;2440 ;861
0091017300_08062023000008;P201654305;P201654305_6;F2;2020;1234;861 ;3030 ;2440 ;1722
0091017300_08062023000020;P201654305;P201654305_6;F3;2020;1234;1722 ;3030 ;2440 ;2583
0091017300_08062023000020;P201654305;P201654305_7;G1;3030;1234;0 ;4040 ;2440 ;861
0091017300_08062023000020;P201654305;P201654305_7;G2;3030;1234;861 ;4040 ;2440 ;1722
0091017300_08062023000020;P201654305;P201654305_7;G3;3030;1234;1722 ;4040 ;2440 ;2583
0091017300_08062023000063;P201654305;P201654305_8;H1;3030;0;0 ;4040 ;1206 ;385
0091017300_08062023000020;P201654305;P201654305_8;H2;3030;0;385 ;4040 ;1206 ;1246
0091017300_08062023000170;P201654305;P201654305_8;H3;3030;0;1246 ;4040 ;1206 ;1830
0091017300_08062023000170;P201654305;P201654305_8;H4;3030;0;1830 ;4040 ;1206 ;2414
0091017300_08062023000012;P201654305;P201654305_8;H5;3030;0;2414 ;4040 ;1206 ;2799
0091017300_08062023000012;P201654305;P201654305_9;I1;4040;0;0 ;5050 ;1206 ;385
0091017300_08062023000170;P201654305;P201654305_9;I2;4040;0;385 ;5050 ;1206 ;969
0091017300_08062023000012;P201654305;P201654305_9;I3;4040;0;969 ;5050 ;1206 ;1354
0091017300_08062023000073;P201654305;P201654305_9;I4;4040;0;1354 ;5050 ;1206 ;1938
0091017300_08062023000073;P201654305;P201654305_9;I5;4040;0;1938 ;5050 ;1206 ;2522
0091017300_08062023000073;P201654305;P201654305_10;J1;4040;1234;0 ;5050 ;2440 ;584
0091017300_08062023000116;P201654305;P201654305_11;K1;5050;1240;0 ;6050 ;2440 ;1450
0091017300_08062023000116;P201654305;P201654305_11;K2;5050;1240;1450 ;6050 ;2440 ;2855
0091017300_08062023000018;P201654305;P201654305_12;L1;5050;0;0 ;6050 ;1200 ;1450
0091017300_08062023000018;P201654305;P201654305_12;L2;5050;0;1450 ;6050 ;1200 ;2855
0091017300_08062023000018;P201654305;P201654305_13;M1;6050;0;0 ;7050 ;1200 ;1450
0091017300_08062023000018;P201654305;P201654305_13;M2;6050;0;1450 ;7050 ;1200 ;2855
0091017300_08062023000018;P201654305;P201654305_14;N1;6050;1240;0 ;7050 ;2440 ;1450
0091017300_08062023000018;P201654305;P201654305_14;N2;6050;1240;1450 ;7050 ;2440 ;2855
0091017300_08062023000018;P201654305;P201654305_15;O1;7050;1240;0 ;8050 ;2440 ;1450
0091017300_08062023000018;P201654305;P201654305_15;O2;7050;1240;1450 ;8050 ;2440 ;2855
0091017300_08062023000018;P201654305;P201654305_16;P1;7050;0;0 ;8050 ;1200 ;1450
0091017300_08062023000018;P201654305;P201654305_16;P2;7050;0;1450 ;8050 ;1200 ;2855
0091017300_08062023000172;P201654305;P201654305_17;Q1;8050;0;0 ;9050 ;1200 ;1450
0091017300_08062023000018;P201654305;P201654305_17;Q2;8050;0;1450 ;9050 ;1200 ;2855
0091017300_08062023000172;P201654305;P201654305_18;R1;8050;1240;0 ;9050 ;2440 ;1450
0091017300_08062023000172;P201654305;P201654305_18;R2;8050;1240;1450 ;9050 ;2440 ;2855
0091017300_08062023000172;P201654305;P201654305_19;S1;9050;1240;0 ;10050 ;2440 ;1450
0091017300_08062023000172;P201654305;P201654305_19;S2;9050;1240;1450 ;10050 ;2440 ;2855
0091017300_08062023000172;P201654305;P201654305_20;T1;9050;0;0 ;10050 ;1200 ;1450
0091017300_08062023000172;P201654305;P201654305_20;T2;9050;0;1450 ;10050 ;1200 ;2855
0091017300_08062023000172;P201654305;P201654305_21;U1;10050;0;0 ;11050 ;1200 ;1450
0091017300_08062023000172;P201654305;P201654305_21;U2;10050;0;1450 ;11050 ;1200 ;2855
0091017300_08062023000061;P201654305;P201654305_22;V1;10050;1240;0 ;11050 ;2440 ;1450
0091017300_08062023000061;P201654305;P201654305_22;V2;10050;1240;1450 ;11050 ;2440 ;2855
0091017300_08062023000061;P201654305;P201654305_23;W1;11050;1240;0 ;12050 ;2440 ;1450
0091017300_08062023000061;P201654305;P201654305_23;W2;11050;1240;1450 ;12050 ;2440 ;2855
0091017300_08062023000061;P201654305;P201654305_24;X1;11050;0;0 ;12050 ;1200 ;1450
0091017300_08062023000061;P201654305;P201654305_24;X2;11050;0;1450 ;12050 ;1200 ;2855
0091017300_08062023000015;P201654305;P201654305_25;Y1;12050;0;0 ;13250 ;1000 ;1450
0091017300_08062023000044;P201654305;P201654305_25;Y2;12050;0;1450 ;13250 ;1000 ;2855
0091017300_08062023000015;P201654305;P201654305_26;Z1;12050;1240;0 ;13050 ;2440 ;1450
0091017300_08062023000007;P199654305;P199654305_1;A1;0;617;0 ;1010 ;1823 ;1085
0091017300_08062023000007;P199654305;P199654305_1;A2;0;617;1085 ;1010 ;1823 ;2170
0091017300_08062023000140;P199654305;P199654305_1;A3;0;617;2170 ;1010 ;1823 ;2754
0091017300_08062023000106;P199654305;P199654305_2;B1;1010;1234;0 ;2020 ;2440 ;861
0091017300_08062023000106;P199654305;P199654305_2;B2;1010;1234;861 ;2020 ;2440 ;1722
0091017300_08062023000140;P199654305;P199654305_2;B3;1010;1234;1722 ;2020 ;2440 ;2306
0091017300_08062023000201;P199654305;P199654305_2;B4;1010;1234;2306 ;2020 ;2440 ;2691
0091017300_08062023000065;P199654305;P199654305_3;C1;1010;14;0 ;2020 ;1220 ;861
0091017300_08062023000065;P199654305;P199654305_3;C2;1010;14;861 ;2020 ;1220 ;1722
0091017300_08062023000207;P199654305;P199654305_3;C3;1010;14;1722 ;2020 ;1220 ;2583
0091017300_08062023000052;P199654305;P199654305_4;D1;2020;0;0 ;3030 ;1206 ;783
0091017300_08062023000207;P199654305;P199654305_4;D2;2020;0;783 ;3030 ;1206 ;1644
0091017300_08062023000138;P199654305;P199654305_4;D3;2020;0;1644 ;3030 ;1206 ;2505
0091017300_08062023000185;P199654305;P199654305_5;E1;2020;1234;0 ;3030 ;2440 ;1181
0091017300_08062023000138;P199654305;P199654305_5;E2;2020;1234;1181 ;3030 ;2440 ;2042
0091017300_08062023000087;P199654305;P199654305_6;F1;3030;1234;0 ;4040 ;2440 ;1181
0091017300_08062023000116;P199654305;P199654305_7;G1;3030;0;0 ;4030 ;1200 ;1450
0091017300_08062023000116;P199654305;P199654305_7;G2;3030;0;1450 ;4030 ;1200 ;2855
0091017300_08062023000116;P199654305;P199654305_8;H1;4030;0;0 ;5030 ;1200 ;1450
0091017300_08062023000116;P199654305;P199654305_8;H2;4030;0;1450 ;5030 ;1200 ;2855
0091017300_08062023000050;P199654305;P199654305_9;I1;4040;1240;0 ;5040 ;2440 ;1450
0091017300_08062023000015;P199654305;P199654305_9;I2;4040;1240;1450 ;5040 ;2440 ;2855
0091017300_08062023000120;P199654305;P199654305_10;J1;5030;0;0 ;6030 ;1200 ;1450
0091017300_08062023000050;P199654305;P199654305_10;J2;5030;0;1450 ;6030 ;1200 ;2855
0091017300_08062023000072;P199654305;P199654305_11;K1;5040;1240;0 ;6040 ;2440 ;1450
0091017300_08062023000072;P199654305;P199654305_11;K2;5040;1240;1450 ;6040 ;2440 ;2855
0091017300_08062023000123;P199654305;P199654305_12;L1;6030;0;0 ;7030 ;1200 ;1450
0091017300_08062023000123;P199654305;P199654305_12;L2;6030;0;1450 ;7030 ;1200 ;2855
0091017300_08062023000036;P199654305;P199654305_13;M1;6040;1240;0 ;7040 ;2440 ;1450
0091017300_08062023000206;P199654305;P199654305_13;M2;6040;1240;1450 ;7040 ;2440 ;2855
0091017300_08062023000215;P199654305;P199654305_14;N1;7030;0;0 ;8030 ;1200 ;1450
0091017300_08062023000036;P199654305;P199654305_14;N2;7030;0;1450 ;8030 ;1200 ;2855
0091017300_08062023000177;P199654305;P199654305_15;O1;7040;1240;0 ;8040 ;2440 ;1450
0091017300_08062023000215;P199654305;P199654305_15;O2;7040;1240;1450 ;8040 ;2440 ;2855
0091017300_08062023000177;P199654305;P199654305_16;P1;8030;0;0 ;9030 ;1200 ;1450
0091017300_08062023000177;P199654305;P199654305_16;P2;8030;0;1450 ;9030 ;1200 ;2855
0091017300_08062023000112;P199654305;P199654305_17;Q1;8040;1240;0 ;9040 ;2440 ;1450
0091017300_08062023000112;P199654305;P199654305_17;Q2;8040;1240;1450 ;9040 ;2440 ;2855
0091017300_08062023000112;P199654305;P199654305_18;R1;9030;0;0 ;10030 ;1200 ;1450
0091017300_08062023000112;P199654305;P199654305_18;R2;9030;0;1450 ;10030 ;1200 ;2855
0091017300_08062023000112;P199654305;P199654305_19;S1;9040;1240;0 ;10040 ;2440 ;1450
0091017300_08062023000016;P198654301;P198654301_1;A1;0;0;0 ;1000 ;1200 ;1450
0091017300_08062023000016;P198654301;P198654301_1;A2;0;0;1450 ;1000 ;1200 ;2855
0091017300_08062023000113;P198654301;P198654301_2;B1;0;1240;0 ;1000 ;2440 ;1450
0091017300_08062023000113;P198654301;P198654301_2;B2;0;1240;1450 ;1000 ;2440 ;2855
0091017300_08062023000053;P198654301;P198654301_3;C1;1000;1240;0 ;2000 ;2440 ;1450
0091017300_08062023000113;P198654301;P198654301_3;C2;1000;1240;1450 ;2000 ;2440 ;2855
0091017300_08062023000161;P198654301;P198654301_4;D1;1000;0;0 ;2000 ;1200 ;1450
0091017300_08062023000053;P198654301;P198654301_4;D2;1000;0;1450 ;2000 ;1200 ;2855
0091017300_08062023000115;P198654301;P198654301_5;E1;2000;0;0 ;3000 ;1200 ;1450
0091017300_08062023000181;P198654301;P198654301_5;E2;2000;0;1450 ;3000 ;1200 ;2855
0091017300_08062023000131;P194654305;P194654305_1;A1;0;0;0 ;1010 ;1206 ;1181
0091017300_08062023000121;P194654305;P194654305_1;A2;0;0;1181 ;1010 ;1206 ;2362
0091017300_08062023000095;P194654305;P194654305_1;A3;0;0;2362 ;1010 ;1206 ;2747
0091017300_08062023000074;P194654305;P194654305_2;B1;0;1234;0 ;1010 ;2440 ;861
0091017300_08062023000074;P194654305;P194654305_2;B2;0;1234;861 ;1010 ;2440 ;1722
0091017300_08062023000074;P194654305;P194654305_2;B3;0;1234;1722 ;1010 ;2440 ;2583
0091017300_08062023000217;P194654305;P194654305_3;C1;1010;1234;0 ;2020 ;2440 ;861
0091017300_08062023000074;P194654305;P194654305_3;C2;1010;1234;861 ;2020 ;2440 ;1722
0091017300_08062023000217;P194654305;P194654305_3;C3;1010;1234;1722 ;2020 ;2440 ;2583
0091017300_08062023000146;P194654305;P194654305_4;D1;1010;0;0 ;2020 ;1206 ;861
0091017300_08062023000217;P194654305;P194654305_4;D2;1010;0;861 ;2020 ;1206 ;1722
0091017300_08062023000146;P194654305;P194654305_4;D3;1010;0;1722 ;2020 ;1206 ;2583
0091017300_08062023000134;P194654305;P194654305_5;E1;2020;0;0 ;3030 ;1206 ;861
0091017300_08062023000146;P194654305;P194654305_5;E2;2020;0;861 ;3030 ;1206 ;1722
0091017300_08062023000134;P194654305;P194654305_5;E3;2020;0;1722 ;3030 ;1206 ;2583
0091017300_08062023000134;P194654305;P194654305_6;F1;2020;1234;0 ;3030 ;2440 ;861
0091017300_08062023000134;P194654305;P194654305_6;F2;2020;1234;861 ;3030 ;2440 ;1722
0091017300_08062023000095;P194654305;P194654305_6;F3;2020;1234;1722 ;3030 ;2440 ;2107
0091017300_08062023000095;P194654305;P194654305_6;F4;2020;1234;2107 ;3030 ;2440 ;2492
0091017300_08062023000159;P194654305;P194654305_6;F5;2020;1234;2492 ;3030 ;2440 ;2877
0091017300_08062023000155;P194654305;P194654305_7;G1;3030;1234;0 ;4040 ;2440 ;783
0091017300_08062023000128;P194654305;P194654305_7;G2;3030;1234;783 ;4040 ;2440 ;1367
0091017300_08062023000108;P194654305;P194654305_7;G3;3030;1234;1367 ;4040 ;2440 ;1951
0091017300_08062023000108;P194654305;P194654305_7;G4;3030;1234;1951 ;4040 ;2440 ;2535
0091017300_08062023000159;P194654305;P194654305_8;H1;3030;0;0 ;4040 ;1206 ;385
0091017300_08062023000108;P194654305;P194654305_8;H2;3030;0;385 ;4040 ;1206 ;969
0091017300_08062023000157;P194654305;P194654305_9;I1;4040;0;0 ;5040 ;1200 ;1450
0091017300_08062023000157;P194654305;P194654305_9;I2;4040;0;1450 ;5040 ;1200 ;2855
0091017300_08062023000157;P194654305;P194654305_10;J1;4040;1240;0 ;5040 ;2440 ;1450
0091017300_08062023000157;P194654305;P194654305_10;J2;4040;1240;1450 ;5040 ;2440 ;2855
0091017300_08062023000157;P194654305;P194654305_11;K1;5040;1240;0 ;6040 ;2440 ;1450
0091017300_08062023000157;P194654305;P194654305_11;K2;5040;1240;1450 ;6040 ;2440 ;2855
0091017300_08062023000157;P194654305;P194654305_12;L1;5040;0;0 ;6040 ;1200 ;1450
0091017300_08062023000157;P194654305;P194654305_12;L2;5040;0;1450 ;6040 ;1200 ;2855
0091017300_08062023000157;P194654305;P194654305_13;M1;6040;0;0 ;7040 ;1200 ;1450
0091017300_08062023000157;P194654305;P194654305_13;M2;6040;0;1450 ;7040 ;1200 ;2855
0091017300_08062023000157;P194654305;P194654305_14;N1;6040;1240;0 ;7040 ;2440 ;1450
0091017300_08062023000157;P194654305;P194654305_14;N2;6040;1240;1450 ;7040 ;2440 ;2855
0091017300_08062023000139;P194654305;P194654305_15;O1;7040;1240;0 ;8040 ;2440 ;1450
0091017300_08062023000139;P194654305;P194654305_15;O2;7040;1240;1450 ;8040 ;2440 ;2855
0091017300_08062023000139;P194654305;P194654305_16;P1;7040;0;0 ;8040 ;1200 ;1450
0091017300_08062023000139;P194654305;P194654305_16;P2;7040;0;1450 ;8040 ;1200 ;2855
0091017300_08062023000139;P194654305;P194654305_17;Q1;8040;0;0 ;9040 ;1200 ;1450
0091017300_08062023000139;P194654305;P194654305_17;Q2;8040;0;1450 ;9040 ;1200 ;2855
0091017300_08062023000139;P194654305;P194654305_18;R1;8040;1240;0 ;9040 ;2440 ;1450
0091017300_08062023000139;P194654305;P194654305_18;R2;8040;1240;1450 ;9040 ;2440 ;2855
0091017300_08062023000139;P194654305;P194654305_19;S1;9040;1240;0 ;10040 ;2440 ;1450
0091017300_08062023000139;P194654305;P194654305_19;S2;9040;1240;1450 ;10040 ;2440 ;2855
0091017300_08062023000213;P194654305;P194654305_20;T1;9040;0;0 ;10040 ;1200 ;1450
0091017300_08062023000213;P194654305;P194654305_20;T2;9040;0;1450 ;10040 ;1200 ;2855
0091017300_08062023000199;P194654305;P194654305_21;U1;10040;0;0 ;11040 ;1200 ;1450
0091017300_08062023000199;P194654305;P194654305_21;U2;10040;0;1450 ;11040 ;1200 ;2855
0091017300_08062023000081;P194654305;P194654305_22;V1;10040;1240;0 ;11040 ;2440 ;1450
0091017300_08062023000199;P194654305;P194654305_22;V2;10040;1240;1450 ;11040 ;2440 ;2855
0091017300_08062023000081;P194654305;P194654305_23;W1;11040;1240;0 ;12040 ;2440 ;1450
0091017300_08062023000081;P194654305;P194654305_23;W2;11040;1240;1450 ;12040 ;2440 ;2855
0091017300_08062023000081;P194654305;P194654305_24;X1;11040;0;0 ;12040 ;1200 ;1450
0091017300_08062023000081;P194654305;P194654305_24;X2;11040;0;1450 ;12040 ;1200 ;2855
0091017300_08062023000174;P192654305;P192654305_1;A1;0;0;0 ;1010 ;1206 ;1085
0091017300_08062023000174;P192654305;P192654305_1;A2;0;0;1085 ;1010 ;1206 ;2170
0091017300_08062023000048;P192654305;P192654305_1;A3;0;0;2170 ;1010 ;1206 ;2555
0091017300_08062023000099;P192654305;P192654305_2;B1;0;1234;0 ;1010 ;2440 ;861
0091017300_08062023000099;P192654305;P192654305_2;B2;0;1234;861 ;1010 ;2440 ;1722
0091017300_08062023000099;P192654305;P192654305_2;B3;0;1234;1722 ;1010 ;2440 ;2583
0091017300_08062023000048;P192654305;P192654305_3;C1;1010;1234;0 ;2020 ;2440 ;385
0091017300_08062023000048;P192654305;P192654305_3;C2;1010;1234;385 ;2020 ;2440 ;770
0091017300_08062023000096;P192654305;P192654305_3;C3;1010;1234;770 ;2020 ;2440 ;1155
0091017300_08062023000096;P192654305;P192654305_3;C4;1010;1234;1155 ;2020 ;2440 ;1540
0091017300_08062023000096;P192654305;P192654305_3;C5;1010;1234;1540 ;2020 ;2440 ;1925
0091017300_08062023000171;P192654305;P192654305_3;C6;1010;1234;1925 ;2020 ;2440 ;2786
0091017300_08062023000088;P192654305;P192654305_4;D1;1010;0;0 ;2020 ;1206 ;1181
0091017300_08062023000088;P192654305;P192654305_4;D2;1010;0;1181 ;2020 ;1206 ;2362
0091017300_08062023000187;P192654305;P192654305_5;E1;2020;0;0 ;3030 ;1206 ;861
0091017300_08062023000171;P192654305;P192654305_5;E2;2020;0;861 ;3030 ;1206 ;1722
0091017300_08062023000142;P192654305;P192654305_5;E3;2020;0;1722 ;3030 ;1206 ;2583
0091017300_08062023000142;P192654305;P192654305_6;F1;2020;1234;0 ;3030 ;2440 ;861
0091017300_08062023000142;P192654305;P192654305_6;F2;2020;1234;861 ;3030 ;2440 ;1722
0091017300_08062023000122;P192654305;P192654305_7;G1;3030;1234;0 ;4040 ;2440 ;1181
0091017300_08062023000035;P192654305;P192654305_8;H1;3030;0;0 ;4030 ;1200 ;1450
0091017300_08062023000035;P192654305;P192654305_8;H2;3030;0;1450 ;4030 ;1200 ;2855
0091017300_08062023000035;P192654305;P192654305_9;I1;4030;0;0 ;5030 ;1200 ;1450
0091017300_08062023000035;P192654305;P192654305_9;I2;4030;0;1450 ;5030 ;1200 ;2855
0091017300_08062023000035;P192654305;P192654305_10;J1;4040;1240;0 ;5040 ;2440 ;1450
0091017300_08062023000035;P192654305;P192654305_10;J2;4040;1240;1450 ;5040 ;2440 ;2855
0091017300_08062023000213;P192654305;P192654305_11;K1;5030;0;0 ;6030 ;1200 ;1450
0091017300_08062023000213;P192654305;P192654305_11;K2;5030;0;1450 ;6030 ;1200 ;2855
0091017300_08062023000213;P192654305;P192654305_12;L1;5040;1240;0 ;6040 ;2440 ;1450
0091017300_08062023000213;P192654305;P192654305_12;L2;5040;1240;1450 ;6040 ;2440 ;2855
0091017300_08062023000189;P192654305;P192654305_13;M1;6030;0;0 ;7030 ;1200 ;1450
0091017300_08062023000213;P192654305;P192654305_13;M2;6030;0;1450 ;7030 ;1200 ;2855
0091017300_08062023000151;P192654305;P192654305_14;N1;6040;1240;0 ;7040 ;2440 ;1450
0091017300_08062023000151;P192654305;P192654305_14;N2;6040;1240;1450 ;7040 ;2440 ;2855
0091017300_08062023000002;P192654305;P192654305_15;O1;7030;0;0 ;8030 ;1200 ;1450
0091017300_08062023000002;P192654305;P192654305_15;O2;7030;0;1450 ;8030 ;1200 ;2855
0091017300_08062023000165;P192654305;P192654305_16;P1;7040;1240;0 ;8040 ;2440 ;1450
0091017300_08062023000002;P192654305;P192654305_16;P2;7040;1240;1450 ;8040 ;2440 ;2855
0091017300_08062023000166;P192654305;P192654305_17;Q1;8030;0;0 ;9030 ;1200 ;1450
0091017300_08062023000165;P192654305;P192654305_17;Q2;8030;0;1450 ;9030 ;1200 ;2855
0091017300_08062023000010;P192654305;P192654305_18;R1;8040;1240;0 ;9040 ;2440 ;1450
0091017300_08062023000166;P192654305;P192654305_18;R2;8040;1240;1450 ;9040 ;2440 ;2855
0091017300_08062023000183;P192654305;P192654305_19;S1;9030;0;0 ;10030 ;1200 ;1450
0091017300_08062023000183;P192654305;P192654305_19;S2;9030;0;1450 ;10030 ;1200 ;2855
0091017300_08062023000183;P192654305;P192654305_20;T1;9040;1240;0 ;10040 ;2440 ;1450
0091017300_08062023000183;P192654305;P192654305_20;T2;9040;1240;1450 ;10040 ;2440 ;2855
0091017300_08062023000069;P192654305;P192654305_21;U1;10030;0;0 ;11030 ;1200 ;1450
0091017300_08062023000183;P192654305;P192654305_21;U2;10030;0;1450 ;11030 ;1200 ;2855
0091017300_08062023000126;P192654305;P192654305_22;V1;10040;1240;0 ;11040 ;2440 ;1450
0091017300_08062023000133;P192654305;P192654305_22;V2;10040;1240;1450 ;11040 ;2440 ;2855
0091017300_08062023000126;P192654305;P192654305_23;W1;11030;0;0 ;12030 ;1200 ;1450
0091017300_08062023000126;P192654305;P192654305_23;W2;11030;0;1450 ;12030 ;1200 ;2855
0091017300_08062023000126;P192654305;P192654305_24;X1;11040;1240;0 ;12040 ;2440 ;1450
0091017300_08062023000035;P191654301;P191654301_1;A1;0;0;0 ;1000 ;1200 ;1450
0091017300_08062023000035;P191654301;P191654301_1;A2;0;0;1450 ;1000 ;1200 ;2855
0091017300_08062023000186;P191654301;P191654301_2;B1;0;1240;0 ;1000 ;2440 ;1450
0091017300_08062023000186;P191654301;P191654301_2;B2;0;1240;1450 ;1000 ;2440 ;2855
0091017300_08062023000167;P191654301;P191654301_3;C1;1000;1240;0 ;2000 ;2440 ;1450
0091017300_08062023000152;P191654301;P191654301_3;C2;1000;1240;1450 ;2000 ;2440 ;2855
0091017300_08062023000107;P191654301;P191654301_4;D1;1000;0;0 ;2000 ;1200 ;1450
0091017300_08062023000167;P191654301;P191654301_4;D2;1000;0;1450 ;2000 ;1200 ;2855
0091017300_08062023000011;P191654301;P191654301_5;E1;2000;0;0 ;3000 ;1200 ;1450
0091017300_08062023000214;P191654301;P191654301_5;E2;2000;0;1450 ;3000 ;1200 ;2855
0091017300_08062023000046;P191654301;P191654301_6;F1;2000;1240;0 ;3000 ;2440 ;1450
0091017300_08062023000169;P187654305;P187654305_1;A1;0;0;0 ;1010 ;1206 ;1181
0091017300_08062023000169;P187654305;P187654305_1;A2;0;0;1181 ;1010 ;1206 ;2362
0091017300_08062023000129;P187654305;P187654305_1;A3;0;0;2362 ;1010 ;1206 ;2747
0091017300_08062023000055;P187654305;P187654305_2;B1;0;1234;0 ;1010 ;2440 ;1181
0091017300_08062023000055;P187654305;P187654305_2;B2;0;1234;1181 ;1010 ;2440 ;2362
0091017300_08062023000129;P187654305;P187654305_2;B3;0;1234;2362 ;1010 ;2440 ;2747
0091017300_08062023000089;P187654305;P187654305_3;C1;1010;1234;0 ;2020 ;2440 ;861
0091017300_08062023000089;P187654305;P187654305_3;C2;1010;1234;861 ;2020 ;2440 ;1722
0091017300_08062023000089;P187654305;P187654305_3;C3;1010;1234;1722 ;2020 ;2440 ;2583
0091017300_08062023000089;P187654305;P187654305_4;D1;1010;0;0 ;2020 ;1206 ;861
0091017300_08062023000089;P187654305;P187654305_4;D2;1010;0;861 ;2020 ;1206 ;1722
0091017300_08062023000004;P187654305;P187654305_4;D3;1010;0;1722 ;2020 ;1206 ;2807
0091017300_08062023000124;P187654305;P187654305_5;E1;2020;0;0 ;3030 ;1206 ;861
0091017300_08062023000124;P187654305;P187654305_5;E2;2020;0;861 ;3030 ;1206 ;1722
0091017300_08062023000098;P187654305;P187654305_5;E3;2020;0;1722 ;3030 ;1206 ;2583
0091017300_08062023000028;P187654305;P187654305_6;F1;2020;1234;0 ;3030 ;2440 ;861
0091017300_08062023000028;P187654305;P187654305_6;F2;2020;1234;861 ;3030 ;2440 ;1722
0091017300_08062023000028;P187654305;P187654305_6;F3;2020;1234;1722 ;3030 ;2440 ;2583
0091017300_08062023000028;P187654305;P187654305_7;G1;3030;1234;0 ;4040 ;2440 ;861
0091017300_08062023000028;P187654305;P187654305_7;G2;3030;1234;861 ;4040 ;2440 ;1722
0091017300_08062023000049;P187654305;P187654305_7;G3;3030;1234;1722 ;4040 ;2440 ;2306
0091017300_08062023000210;P187654305;P187654305_7;G4;3030;1234;2306 ;4040 ;2440 ;2890
0091017300_08062023000075;P187654305;P187654305_8;H1;3030;0;0 ;4040 ;1206 ;385
0091017300_08062023000084;P187654305;P187654305_9;I1;4040;0;0 ;5040 ;1200 ;1450
0091017300_08062023000084;P187654305;P187654305_9;I2;4040;0;1450 ;5040 ;1200 ;2855
0091017300_08062023000084;P187654305;P187654305_10;J1;4040;1240;0 ;5040 ;2440 ;1450
0091017300_08062023000084;P187654305;P187654305_10;J2;4040;1240;1450 ;5040 ;2440 ;2855
0091017300_08062023000084;P187654305;P187654305_11;K1;5040;1240;0 ;6040 ;2440 ;1450
0091017300_08062023000084;P187654305;P187654305_11;K2;5040;1240;1450 ;6040 ;2440 ;2855
0091017300_08062023000084;P187654305;P187654305_12;L1;5040;0;0 ;6040 ;1200 ;1450
0091017300_08062023000084;P187654305;P187654305_12;L2;5040;0;1450 ;6040 ;1200 ;2855
0091017300_08062023000084;P187654305;P187654305_13;M1;6040;0;0 ;7040 ;1200 ;1450
0091017300_08062023000084;P187654305;P187654305_13;M2;6040;0;1450 ;7040 ;1200 ;2855
0091017300_08062023000064;P187654305;P187654305_14;N1;6040;1240;0 ;7040 ;2440 ;1450
0091017300_08062023000084;P187654305;P187654305_14;N2;6040;1240;1450 ;7040 ;2440 ;2855
0091017300_08062023000064;P187654305;P187654305_15;O1;7040;1240;0 ;8040 ;2440 ;1450
0091017300_08062023000064;P187654305;P187654305_15;O2;7040;1240;1450 ;8040 ;2440 ;2855
0091017300_08062023000064;P187654305;P187654305_16;P1;7040;0;0 ;8040 ;1200 ;1450
0091017300_08062023000064;P187654305;P187654305_16;P2;7040;0;1450 ;8040 ;1200 ;2855
0091017300_08062023000064;P187654305;P187654305_17;Q1;8040;0;0 ;9040 ;1200 ;1450
0091017300_08062023000064;P187654305;P187654305_17;Q2;8040;0;1450 ;9040 ;1200 ;2855
0091017300_08062023000064;P187654305;P187654305_18;R1;8040;1240;0 ;9040 ;2440 ;1450
0091017300_08062023000064;P187654305;P187654305_18;R2;8040;1240;1450 ;9040 ;2440 ;2855
0091017300_08062023000148;P187654305;P187654305_19;S1;9040;1240;0 ;10040 ;2440 ;1450
0091017300_08062023000148;P187654305;P187654305_19;S2;9040;1240;1450 ;10040 ;2440 ;2855
0091017300_08062023000184;P187654305;P187654305_20;T1;9040;0;0 ;10040 ;1200 ;1450
0091017300_08062023000148;P187654305;P187654305_20;T2;9040;0;1450 ;10040 ;1200 ;2855
0091017300_08062023000184;P187654305;P187654305_21;U1;10040;0;0 ;11040 ;1200 ;1450
0091017300_08062023000184;P187654305;P187654305_21;U2;10040;0;1450 ;11040 ;1200 ;2855
0091017300_08062023000040;P187654305;P187654305_22;V1;10040;1240;0 ;11040 ;2440 ;1450
0091017300_08062023000184;P187654305;P187654305_22;V2;10040;1240;1450 ;11040 ;2440 ;2855
0091017300_08062023000040;P187654305;P187654305_23;W1;11040;1240;0 ;12040 ;2440 ;1450
0091017300_08062023000040;P187654305;P187654305_23;W2;11040;1240;1450 ;12040 ;2440 ;2855
0091017300_08062023000040;P187654305;P187654305_24;X1;11040;0;0 ;12040 ;1200 ;1450
0091017300_08062023000040;P187654305;P187654305_24;X2;11040;0;1450 ;12040 ;1200 ;2855
0091017300_08062023000141;P186654301;P186654301_1;A1;0;620;0 ;1000 ;1820 ;1450
0091017300_08062023000148;P186654301;P186654301_2;B1;1000;1240;0 ;2000 ;2440 ;1450
0091017300_08062023000148;P186654301;P186654301_3;C1;1000;0;0 ;2000 ;1200 ;1450
0091017300_08062023000097;P186654301;P186654301_4;D1;2000;620;0 ;3000 ;1820 ;1450
0091017300_08062023000040;P186654301;P186654301_4;D2;2000;620;1450 ;3000 ;1820 ;2855
0091017300_08062023000097;P186654301;P186654301_5;E1;3000;620;0 ;4000 ;1820 ;1450
0091017300_08062023000097;P186654301;P186654301_5;E2;3000;620;1450 ;4000 ;1820 ;2855
0091017300_08062023000097;P186654301;P186654301_6;F1;4000;620;0 ;5000 ;1820 ;1450
0091017300_08062023000097;P186654301;P186654301_6;F2;4000;620;1450 ;5000 ;1820 ;2855
0091017300_08062023000039;P186654301;P186654301_7;G1;5000;1240;0 ;6000 ;2440 ;1450
0091017300_08062023000039;P186654301;P186654301_7;G2;5000;1240;1450 ;6000 ;2440 ;2855
0091017300_08062023000175;P186654301;P186654301_8;H1;5000;0;0 ;6000 ;1200 ;1450
0091017300_08062023000194;P186654301;P186654301_8;H2;5000;0;1450 ;6000 ;1200 ;2855
0091017300_08062023000208;P186654301;P186654301_9;I1;6000;0;0 ;7000 ;1200 ;1450
0091017300_08062023000208;P186654301;P186654301_9;I2;6000;0;1450 ;7000 ;1200 ;2855
0091017300_08062023000208;P186654301;P186654301_10;J1;6000;1240;0 ;7000 ;2440 ;1450
0091017300_08062023000208;P186654301;P186654301_10;J2;6000;1240;1450 ;7000 ;2440 ;2855
0091017300_08062023000208;P186654301;P186654301_11;K1;7000;1240;0 ;8000 ;2440 ;1450
0091017300_08062023000208;P186654301;P186654301_11;K2;7000;1240;1450 ;8000 ;2440 ;2855
0091017300_08062023000208;P186654301;P186654301_12;L1;7000;0;0 ;8000 ;1200 ;1450
0091017300_08062023000208;P186654301;P186654301_12;L2;7000;0;1450 ;8000 ;1200 ;2855
0091017300_08062023000132;P186654301;P186654301_13;M1;8000;0;0 ;9000 ;1200 ;1450
0091017300_08062023000132;P186654301;P186654301_13;M2;8000;0;1450 ;9000 ;1200 ;2855
0091017300_08062023000216;P186654301;P186654301_14;N1;8000;1240;0 ;9000 ;2440 ;1450
0091017300_08062023000216;P186654301;P186654301_14;N2;8000;1240;1450 ;9000 ;2440 ;2855
0091017300_08062023000216;P186654301;P186654301_15;O1;9000;1240;0 ;10000 ;2440 ;1450
0091017300_08062023000216;P186654301;P186654301_15;O2;9000;1240;1450 ;10000 ;2440 ;2855
0091017300_08062023000216;P186654301;P186654301_16;P1;9000;0;0 ;10000 ;1200 ;1450
0091017300_08062023000216;P186654301;P186654301_16;P2;9000;0;1450 ;10000 ;1200 ;2855
0091017300_08062023000006;P185654305;P185654305_1;A1;0;617;0 ;1010 ;1823 ;385
0091017300_08062023000006;P185654305;P185654305_1;A2;0;617;385 ;1010 ;1823 ;770
0091017300_08062023000032;P185654305;P185654305_1;A3;0;617;770 ;1010 ;1823 ;1631
0091017300_08062023000032;P185654305;P185654305_1;A4;0;617;1631 ;1010 ;1823 ;2492
0091017300_08062023000086;P185654305;P185654305_2;B1;1010;617;0 ;2020 ;1823 ;861
0091017300_08062023000100;P185654305;P185654305_2;B2;1010;617;861 ;2020 ;1823 ;1722
0091017300_08062023000086;P185654305;P185654305_2;B3;1010;617;1722 ;2020 ;1823 ;2583
0091017300_08062023000125;P185654305;P185654305_3;C1;2020;1234;0 ;3030 ;2440 ;861
0091017300_08062023000026;P185654305;P185654305_3;C2;2020;1234;861 ;3030 ;2440 ;1246
0091017300_08062023000041;P185654305;P185654305_3;C3;2020;1234;1246 ;3030 ;2440 ;2427
0091017300_08062023000051;P185654305;P185654305_4;D1;2020;0;0 ;3030 ;1206 ;1181
0091017300_08062023000037;P185654305;P185654305_5;E1;3030;1240;0 ;4030 ;2440 ;1450
0091017300_08062023000037;P185654305;P185654305_5;E2;3030;1240;1450 ;4030 ;2440 ;2855
0091017300_08062023000062;P185654305;P185654305_6;F1;3030;0;0 ;4030 ;1200 ;1450
0091017300_08062023000111;P185654305;P185654305_6;F2;3030;0;1450 ;4030 ;1200 ;2855
0091017300_08062023000062;P185654305;P185654305_7;G1;4030;0;0 ;5030 ;1200 ;1450
0091017300_08062023000062;P185654305;P185654305_7;G2;4030;0;1450 ;5030 ;1200 ;2855
0091017300_08062023000062;P185654305;P185654305_8;H1;4030;1240;0 ;5030 ;2440 ;1450
0091017300_08062023000062;P185654305;P185654305_8;H2;4030;1240;1450 ;5030 ;2440 ;2855
0091017300_08062023000188;P185654305;P185654305_9;I1;5030;1240;0 ;6030 ;2440 ;1450
0091017300_08062023000062;P185654305;P185654305_9;I2;5030;1240;1450 ;6030 ;2440 ;2855
0091017300_08062023000085;P185654305;P185654305_10;J1;5030;0;0 ;6030 ;1200 ;1450
0091017300_08062023000188;P185654305;P185654305_10;J2;5030;0;1450 ;6030 ;1200 ;2855
0091017300_08062023000085;P185654305;P185654305_11;K1;6030;0;0 ;7030 ;1200 ;1450
0091017300_08062023000085;P185654305;P185654305_11;K2;6030;0;1450 ;7030 ;1200 ;2855
0091017300_08062023000085;P185654305;P185654305_12;L1;6030;1240;0 ;7030 ;2440 ;1450
0091017300_08062023000085;P185654305;P185654305_12;L2;6030;1240;1450 ;7030 ;2440 ;2855
0091017300_08062023000085;P185654305;P185654305_13;M1;7030;1240;0 ;8030 ;2440 ;1450
0091017300_08062023000085;P185654305;P185654305_13;M2;7030;1240;1450 ;8030 ;2440 ;2855
0091017300_08062023000085;P185654305;P185654305_14;N1;7030;0;0 ;8030 ;1200 ;1450
0091017300_08062023000082;P178654305;P178654305_1;A1;0;0;0 ;1010 ;1206 ;861
0091017300_08062023000082;P178654305;P178654305_1;A2;0;0;861 ;1010 ;1206 ;1722
0091017300_08062023000056;P178654305;P178654305_1;A3;0;0;1722 ;1010 ;1206 ;2107
0091017300_08062023000056;P178654305;P178654305_1;A4;0;0;2107 ;1010 ;1206 ;2492
0091017300_08062023000056;P178654305;P178654305_1;A5;0;0;2492 ;1010 ;1206 ;2877
0091017300_08062023000056;P178654305;P178654305_2;B1;0;1234;0 ;1010 ;2440 ;385
0091017300_08062023000056;P178654305;P178654305_2;B2;0;1234;385 ;1010 ;2440 ;770
0091017300_08062023000056;P178654305;P178654305_2;B3;0;1234;770 ;1010 ;2440 ;1155
0091017300_08062023000149;P178654305;P178654305_2;B4;0;1234;1155 ;1010 ;2440 ;1540
0091017300_08062023000149;P178654305;P178654305_2;B5;0;1234;1540 ;1010 ;2440 ;1925
0091017300_08062023000149;P178654305;P178654305_2;B6;0;1234;1925 ;1010 ;2440 ;2310
0091017300_08062023000149;P178654305;P178654305_2;B7;0;1234;2310 ;1010 ;2440 ;2695
0091017300_08062023000149;P178654305;P178654305_3;C1;1010;1234;0 ;2020 ;2440 ;385
0091017300_08062023000149;P178654305;P178654305_3;C2;1010;1234;385 ;2020 ;2440 ;770
0091017300_08062023000102;P178654305;P178654305_3;C3;1010;1234;770 ;2020 ;2440 ;1631
0091017300_08062023000102;P178654305;P178654305_3;C4;1010;1234;1631 ;2020 ;2440 ;2492
0091017300_08062023000014;P178654305;P178654305_4;D1;1010;0;0 ;2020 ;1206 ;861
0091017300_08062023000014;P178654305;P178654305_4;D2;1010;0;861 ;2020 ;1206 ;1722
0091017300_08062023000156;P178654305;P178654305_4;D3;1010;0;1722 ;2020 ;1206 ;2583
0091017300_08062023000156;P178654305;P178654305_5;E1;2020;0;0 ;3030 ;1206 ;861
0091017300_08062023000038;P178654305;P178654305_5;E2;2020;0;861 ;3030 ;1206 ;2042
0091017300_08062023000043;P178654305;P178654305_6;F1;2020;1234;0 ;3030 ;2440 ;1181
0091017300_08062023000025;P178654305;P178654305_7;G1;3030;1240;0 ;4030 ;2440 ;1450
0091017300_08062023000025;P178654305;P178654305_7;G2;3030;1240;1450 ;4030 ;2440 ;2855
0091017300_08062023000025;P178654305;P178654305_8;H1;3030;0;0 ;4030 ;1200 ;1450
0091017300_08062023000025;P178654305;P178654305_8;H2;3030;0;1450 ;4030 ;1200 ;2855
0091017300_08062023000025;P178654305;P178654305_9;I1;4030;0;0 ;5030 ;1200 ;1450
0091017300_08062023000025;P178654305;P178654305_9;I2;4030;0;1450 ;5030 ;1200 ;2855
0091017300_08062023000025;P178654305;P178654305_10;J1;4030;1240;0 ;5030 ;2440 ;1450
0091017300_08062023000025;P178654305;P178654305_10;J2;4030;1240;1450 ;5030 ;2440 ;2855
0091017300_08062023000025;P178654305;P178654305_11;K1;5030;1240;0 ;6030 ;2440 ;1450
0091017300_08062023000025;P178654305;P178654305_11;K2;5030;1240;1450 ;6030 ;2440 ;2855
0091017300_08062023000025;P178654305;P178654305_12;L1;5030;0;0 ;6030 ;1200 ;1450
0091017300_08062023000025;P178654305;P178654305_12;L2;5030;0;1450 ;6030 ;1200 ;2855
0091017300_08062023000025;P178654305;P178654305_13;M1;6030;0;0 ;7030 ;1200 ;1450
0091017300_08062023000025;P178654305;P178654305_13;M2;6030;0;1450 ;7030 ;1200 ;2855
0091017300_08062023000025;P178654305;P178654305_14;N1;6030;1240;0 ;7030 ;2440 ;1450
0091017300_08062023000025;P178654305;P178654305_14;N2;6030;1240;1450 ;7030 ;2440 ;2855
0091017300_08062023000025;P178654305;P178654305_15;O1;7030;1240;0 ;8030 ;2440 ;1450
0091017300_08062023000025;P178654305;P178654305_15;O2;7030;1240;1450 ;8030 ;2440 ;2855
0091017300_08062023000025;P178654305;P178654305_16;P1;7030;0;0 ;8030 ;1200 ;1450
0091017300_08062023000025;P178654305;P178654305_16;P2;7030;0;1450 ;8030 ;1200 ;2855
0091017300_08062023000192;P178654305;P178654305_17;Q1;8030;0;0 ;9030 ;1200 ;1450
0091017300_08062023000025;P178654305;P178654305_17;Q2;8030;0;1450 ;9030 ;1200 ;2855
0091017300_08062023000192;P178654305;P178654305_18;R1;8030;1240;0 ;9030 ;2440 ;1450
0091017300_08062023000192;P178654305;P178654305_18;R2;8030;1240;1450 ;9030 ;2440 ;2855
0091017300_08062023000090;P178654305;P178654305_19;S1;9030;1240;0 ;10030 ;2440 ;1450
0091017300_08062023000192;P178654305;P178654305_19;S2;9030;1240;1450 ;10030 ;2440 ;2855
0091017300_08062023000090;P178654305;P178654305_20;T1;9030;0;0 ;10030 ;1200 ;1450
0091017300_08062023000090;P178654305;P178654305_20;T2;9030;0;1450 ;10030 ;1200 ;2855
0091017300_08062023000090;P178654305;P178654305_21;U1;10030;0;0 ;11030 ;1200 ;1450
0091017300_08062023000090;P178654305;P178654305_21;U2;10030;0;1450 ;11030 ;1200 ;2855
0091017300_08062023000145;P178654305;P178654305_22;V1;10030;1240;0 ;11030 ;2440 ;1450
0091017300_08062023000090;P178654305;P178654305_22;V2;10030;1240;1450 ;11030 ;2440 ;2855
0091017300_08062023000145;P178654305;P178654305_23;W1;11030;1240;0 ;12030 ;2440 ;1450
0091017300_08062023000145;P178654305;P178654305_23;W2;11030;1240;1450 ;12030 ;2440 ;2855
0091017300_08062023000070;Q178654305_1;Q178654305_1_1;A1;0;1240;0 ;1000 ;2440 ;1450
0091017300_08062023000070;Q178654305_1;Q178654305_1_2;B1;0;20;0 ;1000 ;1220 ;1450
0091017300_08062023000070;Q178654305_1;Q178654305_1_3;C1;1000;620;0 ;2000 ;1820 ;1450
0091017300_08062023000070;Q178654305_1;Q178654305_1_4;D1;2000;620;0 ;3000 ;1820 ;1450
0091017300_08062023000070;Q178654305_1;Q178654305_1_4;D2;2000;620;1450 ;3000 ;1820 ;2855
0091017300_08062023000070;Q178654305_1;Q178654305_1_5;E1;3000;620;0 ;4000 ;1820 ;1450
0091017300_08062023000070;Q178654305_1;Q178654305_1_5;E2;3000;620;1450 ;4000 ;1820 ;2855
0091017300_08062023000070;Q178654305_1;Q178654305_1_6;F1;4000;620;0 ;5000 ;1820 ;1450
0091017300_08062023000070;Q178654305_1;Q178654305_1_6;F2;4000;620;1450 ;5000 ;1820 ;2855
0091017300_08062023000070;Q178654305_1;Q178654305_1_7;G1;5000;1240;0 ;6000 ;2440 ;1450
0091017300_08062023000070;Q178654305_1;Q178654305_1_7;G2;5000;1240;1450 ;6000 ;2440 ;2855
0091017300_08062023000070;Q178654305_1;Q178654305_1_8;H1;5000;0;0 ;6000 ;1200 ;1450
0091017300_08062023000070;Q178654305_1;Q178654305_1_8;H2;5000;0;1450 ;6000 ;1200 ;2855
0091017300_08062023000070;Q178654305_1;Q178654305_1_9;I1;6000;0;0 ;7000 ;1200 ;1450
0091017300_08062023000070;Q178654305_1;Q178654305_1_9;I2;6000;0;1450 ;7000 ;1200 ;2855
0091017300_08062023000070;Q178654305_1;Q178654305_1_10;J1;6000;1240;0 ;7000 ;2440 ;1450
0091017300_08062023000070;Q178654305_1;Q178654305_1_10;J2;6000;1240;1450 ;7000 ;2440 ;2855
0091017300_08062023000070;Q178654305_1;Q178654305_1_11;K1;7000;1240;0 ;8000 ;2440 ;1450
0091017300_08062023000070;Q178654305_1;Q178654305_1_11;K2;7000;1240;1450 ;8000 ;2440 ;2855
0091017300_08062023000070;Q178654305_1;Q178654305_1_12;L1;7000;0;0 ;8000 ;1200 ;1450
0091017300_08062023000070;Q178654305_1;Q178654305_1_12;L2;7000;0;1450 ;8000 ;1200 ;2855
0091017300_08062023000070;Q178654305_1;Q178654305_1_13;M1;8000;0;0 ;9000 ;1200 ;1450
0091017300_08062023000070;Q178654305_1;Q178654305_1_13;M2;8000;0;1450 ;9000 ;1200 ;2855
0091017300_08062023000070;Q178654305_1;Q178654305_1_14;N1;8000;1240;0 ;9000 ;2440 ;1450
0091017300_08062023000070;Q178654305_1;Q178654305_1_14;N2;8000;1240;1450 ;9000 ;2440 ;2855
0091017300_08062023000070;Q178654305_1;Q178654305_1_15;O1;9000;1240;0 ;10000 ;2440 ;1450
0091017300_08062023000070;Q178654305_1;Q178654305_1_15;O2;9000;1240;1450 ;10000 ;2440 ;2855
0091017300_08062023000145;Q178654305_1;Q178654305_1_16;P1;9000;0;0 ;10000 ;1200 ;1450
0091017300_08062023000145;Q178654305_1;Q178654305_1_16;P2;9000;0;1450 ;10000 ;1200 ;2855
0091017300_08062023000019;Q178654305_1;Q178654305_1_17;Q1;10000;0;0 ;11000 ;1200 ;1450
0091017300_08062023000019;Q178654305_1;Q178654305_1_17;Q2;10000;0;1450 ;11000 ;1200 ;2855
0091017300_08062023000019;Q178654305_1;Q178654305_1_18;R1;10000;1240;0 ;11000 ;2440 ;1450
0091017300_08062023000019;Q178654305_1;Q178654305_1_18;R2;10000;1240;1450 ;11000 ;2440 ;2855
0091017300_08062023000019;Q178654305_1;Q178654305_1_19;S1;11000;1240;0 ;12000 ;2440 ;1450
0091017300_08062023000031;P173654305;P173654305_1;A1;0;617;0 ;1010 ;1823 ;385
0091017300_08062023000031;P173654305;P173654305_1;A2;0;617;385 ;1010 ;1823 ;770
0091017300_08062023000031;P173654305;P173654305_1;A3;0;617;770 ;1010 ;1823 ;1155
0091017300_08062023000031;P173654305;P173654305_1;A4;0;617;1155 ;1010 ;1823 ;1540
0091017300_08062023000031;P173654305;P173654305_1;A5;0;617;1540 ;1010 ;1823 ;1925
0091017300_08062023000031;P173654305;P173654305_1;A6;0;617;1925 ;1010 ;1823 ;2310
0091017300_08062023000176;P173654305;P173654305_1;A7;0;617;2310 ;1010 ;1823 ;2695
0091017300_08062023000176;P173654305;P173654305_2;B1;1010;1234;0 ;2020 ;2440 ;385
0091017300_08062023000176;P173654305;P173654305_2;B2;1010;1234;385 ;2020 ;2440 ;770
0091017300_08062023000176;P173654305;P173654305_2;B3;1010;1234;770 ;2020 ;2440 ;1155
0091017300_08062023000176;P173654305;P173654305_2;B4;1010;1234;1155 ;2020 ;2440 ;1540
0091017300_08062023000176;P173654305;P173654305_2;B5;1010;1234;1540 ;2020 ;2440 ;1925
0091017300_08062023000091;P173654305;P173654305_2;B6;1010;1234;1925 ;2020 ;2440 ;2786
0091017300_08062023000091;P173654305;P173654305_3;C1;1010;0;0 ;2020 ;1206 ;861
0091017300_08062023000091;P173654305;P173654305_3;C2;1010;0;861 ;2020 ;1206 ;1722
0091017300_08062023000067;P173654305;P173654305_3;C3;1010;0;1722 ;2020 ;1206 ;2807
0091017300_08062023000163;P173654305;P173654305_4;D1;2020;617;0 ;3030 ;1823 ;861
0091017300_08062023000163;P173654305;P173654305_4;D2;2020;617;861 ;3030 ;1823 ;1722
0091017300_08062023000163;P173654305;P173654305_4;D3;2020;617;1722 ;3030 ;1823 ;2583
0091017300_08062023000147;P173654305;P173654305_5;E1;3030;1234;0 ;4040 ;2440 ;861
0091017300_08062023000147;P173654305;P173654305_5;E2;3030;1234;861 ;4040 ;2440 ;1722
0091017300_08062023000197;P173654305;P173654305_5;E3;3030;1234;1722 ;4040 ;2440 ;2583
0091017300_08062023000197;P173654305;P173654305_6;F1;3030;0;0 ;4040 ;1206 ;861
0091017300_08062023000093;P173654305;P173654305_6;F2;3030;0;861 ;4040 ;1206 ;2042
0091017300_08062023000083;P173654305;P173654305_7;G1;4040;1240;0 ;5040 ;2440 ;1450
0091017300_08062023000083;P173654305;P173654305_7;G2;4040;1240;1450 ;5040 ;2440 ;2855
0091017300_08062023000083;P173654305;P173654305_8;H1;4040;0;0 ;5040 ;1200 ;1450
0091017300_08062023000083;P173654305;P173654305_8;H2;4040;0;1450 ;5040 ;1200 ;2855
0091017300_08062023000101;P173654305;P173654305_9;I1;5040;0;0 ;6040 ;1200 ;1450
0091017300_08062023000101;P173654305;P173654305_9;I2;5040;0;1450 ;6040 ;1200 ;2855
0091017300_08062023000101;P173654305;P173654305_10;J1;5040;1240;0 ;6040 ;2440 ;1450
0091017300_08062023000101;P173654305;P173654305_10;J2;5040;1240;1450 ;6040 ;2440 ;2855
0091017300_08062023000057;P173654305;P173654305_11;K1;6040;1240;0 ;7040 ;2440 ;1450
0091017300_08062023000150;P173654305;P173654305_11;K2;6040;1240;1450 ;7040 ;2440 ;2855
0091017300_08062023000057;P173654305;P173654305_12;L1;6040;0;0 ;7040 ;1200 ;1450
0091017300_08062023000057;P173654305;P173654305_12;L2;6040;0;1450 ;7040 ;1200 ;2855
0091017300_08062023000057;P173654305;P173654305_13;M1;7040;0;0 ;8040 ;1200 ;1450
0091017300_08062023000057;P173654305;P173654305_13;M2;7040;0;1450 ;8040 ;1200 ;2855
0091017300_08062023000057;P173654305;P173654305_14;N1;7040;1240;0 ;8040 ;2440 ;1450
0091017300_08062023000057;P173654305;P173654305_14;N2;7040;1240;1450 ;8040 ;2440 ;2855
0091017300_08062023000127;P173654305;P173654305_15;O1;8040;1240;0 ;9040 ;2440 ;1450
0091017300_08062023000057;P173654305;P173654305_15;O2;8040;1240;1450 ;9040 ;2440 ;2855
0091017300_08062023000119;P173654305;P173654305_16;P1;8040;0;0 ;9040 ;1200 ;1450
0091017300_08062023000164;P173654305;P173654305_16;P2;8040;0;1450 ;9040 ;1200 ;2855
0091017300_08062023000119;P173654305;P173654305_17;Q1;9040;0;0 ;10040 ;1200 ;1450
0091017300_08062023000119;P173654305;P173654305_17;Q2;9040;0;1450 ;10040 ;1200 ;2855
0091017300_08062023000119;P173654305;P173654305_18;R1;9040;1240;0 ;10040 ;2440 ;1450
0091017300_08062023000119;P173654305;P173654305_18;R2;9040;1240;1450 ;10040 ;2440 ;2855
0091017300_08062023000119;P173654305;P173654305_19;S1;10040;1240;0 ;11040 ;2440 ;1450
0091017300_08062023000190;P171654305;P171654305_1;A1;0;617;0 ;1010 ;1823 ;861
0091017300_08062023000190;P171654305;P171654305_1;A2;0;617;861 ;1010 ;1823 ;1722
0091017300_08062023000078;P171654305;P171654305_1;A3;0;617;1722 ;1010 ;1823 ;2107
0091017300_08062023000078;P171654305;P171654305_1;A4;0;617;2107 ;1010 ;1823 ;2492
0091017300_08062023000078;P171654305;P171654305_1;A5;0;617;2492 ;1010 ;1823 ;2877
0091017300_08062023000178;P171654305;P171654305_2;B1;1010;617;0 ;2020 ;1823 ;861
0091017300_08062023000003;P171654305;P171654305_2;B2;1010;617;861 ;2020 ;1823 ;2042
0091017300_08062023000078;P171654305;P171654305_2;B3;1010;617;2042 ;2020 ;1823 ;2427
0091017300_08062023000021;P171654305;P171654305_3;C1;2020;617;0 ;3030 ;1823 ;861
0091017300_08062023000021;P171654305;P171654305_3;C2;2020;617;861 ;3030 ;1823 ;1722
0091017300_08062023000136;P171654305;P171654305_3;C3;2020;617;1722 ;3030 ;1823 ;2107
0091017300_08062023000136;P171654305;P171654305_3;C4;2020;617;2107 ;3030 ;1823 ;2492
0091017300_08062023000136;P171654305;P171654305_3;C5;2020;617;2492 ;3030 ;1823 ;2877
0091017300_08062023000103;P171654305;P171654305_4;D1;3030;1234;0 ;4040 ;2440 ;861
0091017300_08062023000058;P171654305;P171654305_4;D2;3030;1234;861 ;4040 ;2440 ;1946
0091017300_08062023000136;P171654305;P171654305_4;D3;3030;1234;1946 ;4040 ;2440 ;2331
0091017300_08062023000013;P171654305;P171654305_5;E1;3030;0;0 ;4040 ;1206 ;1181
0091017300_08062023000060;P171654305;P171654305_6;F1;4040;1240;0 ;5040 ;2440 ;1450
0091017300_08062023000060;P171654305;P171654305_6;F2;4040;1240;1450 ;5040 ;2440 ;2855
0091017300_08062023000162;P171654305;P171654305_7;G1;4040;0;0 ;5040 ;1200 ;1450
0091017300_08062023000162;P171654305;P171654305_7;G2;4040;0;1450 ;5040 ;1200 ;2855
0091017300_08062023000117;P171654305;P171654305_8;H1;5040;0;0 ;6040 ;1200 ;1450
0091017300_08062023000068;P171654305;P171654305_8;H2;5040;0;1450 ;6040 ;1200 ;2855
0091017300_08062023000117;P171654305;P171654305_9;I1;5040;1240;0 ;6040 ;2440 ;1450
0091017300_08062023000117;P171654305;P171654305_9;I2;5040;1240;1450 ;6040 ;2440 ;2855
0091017300_08062023000109;P171654305;P171654305_10;J1;6040;1240;0 ;7040 ;2440 ;1450
0091017300_08062023000109;P171654305;P171654305_10;J2;6040;1240;1450 ;7040 ;2440 ;2855
0091017300_08062023000212;P171654305;P171654305_11;K1;6040;0;0 ;7040 ;1200 ;1450
0091017300_08062023000168;P171654305;P171654305_11;K2;6040;0;1450 ;7040 ;1200 ;2855
0091017300_08062023000212;P171654305;P171654305_12;L1;7040;0;0 ;8040 ;1200 ;1450
0091017300_08062023000212;P171654305;P171654305_12;L2;7040;0;1450 ;8040 ;1200 ;2855
0091017300_08062023000212;P171654305;P171654305_13;M1;7040;1240;0 ;8040 ;2440 ;1450
0091017300_08062023000212;P171654305;P171654305_13;M2;7040;1240;1450 ;8040 ;2440 ;2855
0091017300_08062023000005;P171654305;P171654305_14;N1;8040;1240;0 ;9040 ;2440 ;1450
0091017300_08062023000005;P171654305;P171654305_14;N2;8040;1240;1450 ;9040 ;2440 ;2855
0091017300_08062023000110;P171654305;P171654305_15;O1;8040;0;0 ;9040 ;1200 ;1450
0091017300_08062023000005;P171654305;P171654305_15;O2;8040;0;1450 ;9040 ;1200 ;2855
0091017300_08062023000110;P171654305;P171654305_16;P1;9040;0;0 ;10040 ;1200 ;1450
0091017300_08062023000110;P171654305;P171654305_16;P2;9040;0;1450 ;10040 ;1200 ;2855
0091017300_08062023000034;P171654305;P171654305_17;Q1;9040;1240;0 ;10040 ;2440 ;1450
0091017300_08062023000110;P171654305;P171654305_17;Q2;9040;1240;1450 ;10040 ;2440 ;2855
0091017300_08062023000034;P171654305;P171654305_18;R1;10040;1240;0 ;11040 ;2440 ;1450
0091017300_08062023000034;P171654305;P171654305_18;R2;10040;1240;1450 ;11040 ;2440 ;2855
0091017300_08062023000034;P171654305;P171654305_19;S1;10040;0;0 ;11040 ;1200 ;1450
0091017300_08062023000179;P170654301;P170654301_1;A1;0;1240;0 ;1000 ;2440 ;1450
0091017300_08062023000179;P170654301;P170654301_1;A2;0;1240;1450 ;1000 ;2440 ;2855
0091017300_08062023000017;P170654301;P170654301_2;B1;0;0;0 ;1000 ;1200 ;1450
0091017300_08062023000179;P170654301;P170654301_2;B2;0;0;1450 ;1000 ;1200 ;2855
0091017300_08062023000196;P170654301;P170654301_3;C1;1000;0;0 ;2000 ;1200 ;1450
0091017300_08062023000017;P170654301;P170654301_3;C2;1000;0;1450 ;2000 ;1200 ;2855
0091017300_08062023000092;P170654301;P170654301_4;D1;1000;1240;0 ;2000 ;2440 ;1450
0091017300_08062023000196;P170654301;P170654301_4;D2;1000;1240;1450 ;2000 ;2440 ;2855
0091017300_08062023000092;P170654301;P170654301_5;E1;2000;1240;0 ;3000 ;2440 ;1450
